family,matrix,nv,ne,kind,ac_build_s,ac_solve_s,ac_tot_s,ac_its,ac_err,ac_fail,ac-s2m2_build_s,ac-s2m2_solve_s,ac-s2m2_tot_s,ac-s2m2_its,ac-s2m2_err,ac-s2m2_fail,cmg-v_build_s,cmg-v_solve_s,cmg-v_tot_s,cmg-v_its,cmg-v_err,cmg-v_fail,cmg-k-elim_build_s,cmg-k-elim_solve_s,cmg-k-elim_tot_s,cmg-k-elim_its,cmg-k-elim_err,cmg-k-elim_fail
uniform_grid,uniform_grid_sddm(2.0e6),287496,1986336,sddm,0.806957,0.385055,1.19201,24,5.97476e-09,0,1.85898,0.395076,2.23887,18,5.76766e-09,0,0.176132,0.737014,0.913146,27,6.49042e-09,0,0.293343,0.582384,0.883562,28,6.8583e-09,0
uniform_grid,uniform_grid_sddm(2.0e7),2863288,19922032,sddm,9.89794,4.62082,14.5188,25,9.72898e-09,0,22.7028,4.85797,27.6871,19,7.02317e-09,0,1.95485,7.8441,9.70978,27,9.32559e-09,0,4.05423,6.10441,10.297,28,9.36625e-09,0
uniform_grid,uniform_grid_sddm(2.0e8),28652616,200006496,sddm,124.233,85.1321,208.571,27,5.94328e-09,0,304.012,92.344,396.375,20,6.61734e-09,0,19.7292,85.9487,105.753,28,5.78311e-09,0,42.8002,68.9186,111.612,30,4.15975e-09,0
uniform_grid,uniform_grid_sddm(200000.0),29791,202771,,0.047382,0.0229189,0.0703009,22,6.58304e-09,0,0.092208,0.0215881,0.113796,17,6.16216e-09,0,0.0143325,0.0544635,0.068796,25,8.97208e-09,0,,,,,,0
aniso,"aniso_grid_sddm(2.0e8,0.001)",29563243,203126167,sddm,120.36,89.1664,212.864,26,6.33017e-09,0,290.515,98.2611,388.945,20,5.92198e-09,0,18.8606,79.4423,98.3008,25,9.18241e-09,0,41.838,63.0536,104.892,26,9.15544e-09,0
aniso,"aniso_grid_sddm(2.0e8,0.01)",28775736,199677456,sddm,139.228,94.8901,233.808,26,9.05336e-09,0,312.128,106.781,418.909,20,7.68102e-09,0,17.9063,79.9827,97.8891,26,7.06673e-09,0,40.4649,64.4994,104.933,27,7.64402e-09,0
aniso,"aniso_grid_sddm(2.0e8,0.1)",28653044,199723852,sddm,147.232,105.054,251.819,27,6.05973e-09,0,323.204,115.392,444.232,20,6.30526e-09,0,17.6736,80.7882,98.4248,26,7.58428e-09,0,39.2985,63.694,102.992,27,8.31053e-09,0
aniso,"aniso_grid_sddm(2.0e8,1.0)",28652616,200006496,sddm,155.236,107.42,262.647,27,6.81511e-09,0,337.255,118.212,455.279,20,6.54581e-09,0,18.1082,89.9929,108.122,28,5.53422e-09,0,40.3746,77.0759,117.451,30,3.89435e-09,0
aniso,"aniso_grid_sddm(2.0e8,10.0)",28749600,200201760,sddm,153.551,106.281,259.832,26,9.57935e-09,0,334.582,117.224,451.806,20,6.05482e-09,0,18.8682,107.523,126.33,28,6.83377e-09,0,41.6627,72.9577,114.62,29,7.0492e-09,0
aniso,"aniso_grid_sddm(2.0e8,100.0)",28588574,195955912,sddm,124.247,97.7957,222.049,26,6.3363e-09,0,306.173,97.0452,404.321,19,8.06207e-09,0,18.8811,84.5599,103.392,28,6.41504e-09,0,41.2495,66.7772,107.966,29,7.29069e-09,0
aniso,"aniso_grid_sddm(2.0e8,1000.0)",29881008,189208512,sddm,98.2216,60.9756,161.949,22,8.50177e-09,0,173.732,67.2904,242.816,18,4.66305e-09,0,18.0824,46.6969,64.7793,17,7.47345e-09,0,40.1589,30.2079,70.3298,18,5.46083e-09,0
aniso,"aniso_grid_sddm(200000.0,0.01)",33222,213472,,0.0447776,0.0223985,0.0671761,20,5.21012e-09,0,0.0856146,0.020004,0.105619,16,5.82947e-09,0,0.0166169,0.0395255,0.0561424,21,6.60077e-09,0,,,,,,0
aniso,"aniso_grid_sddm(200000.0,100.0)",46208,276032,,0.048167,0.0257684,0.0739354,17,4.84791e-09,0,0.084577,0.0224054,0.106982,14.5,6.07136e-09,0,0.0179911,0.0215509,0.039542,15,9.71334e-09,0,,,,,,0
wgrid,"wgrid_sddm(2.0e8, 0.001)",28652616,200006496,sddm,96.1432,101.369,197.489,39,7.34705e-09,0,232.627,92.9773,325.605,25,8.45795e-09,0,14.8155,57.8783,72.6938,28,6.19617e-09,0,32.8616,47.9593,82.2323,26,5.3008e-09,0
wgrid,"wgrid_sddm(2.0e8, 0.01)",28652616,200006496,sddm,110.709,92.948,201.952,33,9.68904e-09,0,265.105,90.8063,355.911,24,6.7143e-09,0,16.6012,62.1138,76.7636,27,7.70114e-09,0,34.9838,80.1175,112.774,25,7.63533e-09,0
wgrid,"wgrid_sddm(2.0e8, 0.1)",28652616,200006496,sddm,143.198,96.5025,239.701,26,8.10278e-09,0,344.485,108.543,453.028,20,6.13565e-09,0,25.1802,117.26,142.838,27,8.79847e-09,0,55.2716,97.696,153.057,25,6.905e-09,0
wgrid,"wgrid_sddm(2.0e8, 1.0)",28652616,200006496,sddm,137.426,94.0227,231.449,27,7.48856e-09,0,364.218,109.023,473.24,20,8.34711e-09,0,22.5075,128.863,151.371,28,6.63616e-09,0,50.7187,113.469,165.962,30,3.51143e-09,0
wgrid,"wgrid_sddm(2.0e8, 10.0)",28652616,200006496,sddm,127.87,71.1245,198.994,20,7.35595e-09,0,309.579,65.8669,388.555,15,4.43177e-09,0,23.8263,186.587,210.413,31,7.91608e-09,0,54.9137,106.515,161.605,28,6.81071e-09,0
wgrid,"wgrid_sddm(2.0e8, 100.0)",28652616,200006496,sddm,118.136,47.7238,165.859,17,6.1426e-09,0,238.6,42.7302,281.33,12,6.44564e-09,0,21.5851,137.055,158.64,30,7.52873e-09,0,51.5999,92.7231,150.602,27,6.44151e-09,0
wgrid,"wgrid_sddm(2.0e8, 1000.0)",28652616,200006496,sddm,98.0986,37.7185,135.817,14,8.44678e-09,0,215.558,32.0739,247.632,10,8.32114e-09,0,23.8685,133.304,157.173,30,8.90455e-09,0,53.1126,105.527,158.64,28,7.35728e-09,0
wgrid,"wgrid_sddm(200000.0, 0.01)",29791,202771,,0.044085,0.0267415,0.0708265,26.5,6.65402e-09,0,0.086693,0.0247971,0.11149,20,4.66442e-09,0,0.012243,0.0472336,0.0594766,24,5.36611e-09,0,,,,,,0
wgrid,"wgrid_sddm(200000.0, 100.0)",29791,202771,,0.032575,0.0116425,0.0442175,12.5,6.38672e-09,0,0.061311,0.011157,0.072468,10,5.28446e-09,0,0.0148395,0.036734,0.0515735,24,5.20448e-09,0,,,,,,0
checkered,"checkered_grid_sddm(2.0e8, 2, 2, 2, 1.0e7)",28652616,200006496,sddm,101.284,108.627,206.774,40,8.29952e-09,0,248.467,123.76,374.919,31,6.63879e-09,0,14.7665,64.1371,78.8937,29,9.38223e-09,0,33.079,54.1312,87.0676,30,6.3748e-09,0
checkered,"checkered_grid_sddm(2.0e8, 4, 4, 4, 1.0e7)",28652616,200006496,sddm,104.072,127.129,231.044,47,8.32067e-09,0,251.505,139.393,390.836,35,8.08278e-09,0,15.043,58.0094,73.0524,28,7.80542e-09,0,33.0635,64.4057,97.1159,29,7.01498e-09,0
checkered,"checkered_grid_sddm(2.0e8, 8, 8, 8, 1.0e7)",28652616,200006496,sddm,167.542,262.92,430.551,51,9.01021e-09,0,425.453,315.793,730.866,40,8.44541e-09,0,29.2479,93.4919,123.915,26,9.06203e-09,0,56.1646,98.3558,155.13,27,8.51884e-09,0
checkered,"checkered_grid_sddm(2.0e8, 16, 16, 16, 1.0e7)",28652616,200006496,sddm,166.172,265.902,446.824,52,9.52863e-09,0,395.783,332.976,721.899,42,8.94556e-09,0,25.43,107.738,133.168,28,9.62552e-09,0,59.5446,101.06,161.831,29,6.49035e-09,0
checkered,"checkered_grid_sddm(2.0e8, 32, 32, 32, 1.0e7)",28652616,200006496,sddm,187.685,260.287,447.972,56,8.82919e-09,0,411.569,309.093,720.908,45,8.15844e-09,0,23.1669,106.824,128.22,28,7.17556e-09,0,55.5719,92.5218,149.726,31,6.49787e-09,0
checkered,"checkered_grid_sddm(2.0e8, 64, 64, 64, 1.0e7)",28652616,200006496,sddm,169.257,288.574,468.008,62,9.44127e-09,0,348.017,323.314,671.331,47,9.548e-09,0,30.7203,87.0255,116.625,25,6.65662e-09,0,57.3796,73.3538,114.604,25,8.67506e-09,0
checkered,"checkered_grid_sddm(2.0e8, 128, 128, 128, 1.0e7)",28652616,200006496,sddm,152.617,229.035,368.006,53,8.6249e-09,0,332.445,201.528,523.92,34,7.18914e-09,0,27.7518,91.852,121.641,28,9.89072e-09,0,58.2343,65.5077,123.664,20,5.83358e-09,0
checkered,"checkered_grid_sddm(200000.0, 2, 2, 2, 1.0e7)",29791,202771,,0.0413181,0.0381,0.0794181,33.5,9.04202e-09,0,0.0919514,0.0324669,0.124418,25.5,6.00269e-09,0,0.0149986,0.0520116,0.0670102,25.5,7.1265e-09,0,,,,,,0
sachdeva_star,"star_join(complete_graph(100), 50)",5001,500101,lap,0.114123,0.146091,0.254339,86,9.19611e-09,0,0.264929,0.050509,0.315602,30,6.98578e-09,0,0.120838,0.057703,0.178541,7,8.11607e-12,0,0.127347,0.117411,0.249335,10,2.36987e-09,0
sachdeva_star,"star_join(complete_graph(100), 50)",5001,500101,,0.0709745,0.08953,0.160504,91,9.00336e-09,0,0.15729,0.0280041,0.185294,29.5,6.49757e-09,0,0.0551016,0.0276181,0.0827197,7,8.82414e-12,0,,,,,,0
sachdeva_star,"star_join(complete_graph(150), 75)",11251,1687651,lap,0.453504,0.740434,1.18744,123,7.10836e-09,0,1.15253,0.180445,1.33973,32,9.72499e-09,0,0.341633,0.199831,0.5457,7,9.80922e-12,0,0.431112,0.318624,0.753902,8,6.96445e-09,0
sachdeva_star,"star_join(complete_graph(200), 100)",20001,4000201,lap,1.28082,2.55311,3.89473,186,9.39014e-09,0,2.62741,0.461538,3.10239,35,9.27968e-09,0,0.860658,0.451139,1.3439,7,1.14642e-11,0,1.27944,1.00055,2.36036,11,5.04444e-09,0
sachdeva_star,"star_join(complete_graph(250), 125)",31251,7812751,lap,2.70343,6.41044,8.94728,246,9.38142e-09,0,4.74308,0.893088,5.63616,38,8.11823e-09,0,1.97008,0.873717,2.84379,7,1.41254e-11,0,2.44205,2.03963,4.48233,11,4.99328e-09,0
sachdeva_star,"star_join(complete_graph(300), 150)",45001,13500301,lap,4.45335,12.8399,17.1529,304,9.35181e-09,0,10.3914,1.68064,11.553,39,8.87413e-09,0,2.60761,1.46245,4.09944,7,1.54009e-11,0,3.82816,3.47953,7.52814,13,1.16785e-09,0
sachdeva_star,"star_join(complete_graph(350), 175)",61251,21437851,lap,7.44685,25.9184,33.3652,374,9.87851e-09,0,15.9439,2.79025,18.3335,39,8.86949e-09,0,4.83636,2.38846,7.22481,7,1.6945e-11,0,6.1142,6.42233,12.4154,14,1.23209e-09,0
sachdeva_star,"star_join(complete_graph(400), 200)",80001,32000401,lap,11.9919,44.0936,56.0246,431,9.94989e-09,0,28.0397,4.16602,30.9016,39,8.13748e-09,0,7.56539,3.6554,11.2208,7,1.96068e-11,0,9.5045,10.4207,20.2321,14,5.34851e-09,0
sachdeva_star,"star_join(complete_graph(450), 225)",101251,45562951,lap,18.3649,77.731,96.035,514,9.70724e-09,0,36.2483,6.35498,42.4055,41,8.87249e-09,0,11.0152,5.09179,16.1069,7,2.48979e-11,0,12.1343,8.4497,19.7429,8,5.34318e-09,0
sachdeva_star,"star_join(complete_graph(500), 250)",125001,62500501,lap,25.6673,128.858,155.091,638,9.90505e-09,0,52.6616,9.11213,61.7737,43,7.54576e-09,0,13.8033,5.38951,18.8571,7,2.2029e-11,0,18.8091,10.3393,28.7142,7,7.43316e-09,0
sachdeva_star,"star_join(complete_graph(550), 275)",151251,83188051,lap,28.2669,164.474,187.263,627,7.24312e-08,0,70.2908,11.2538,81.7879,42,8.59341e-09,0,15.8475,7.70401,23.5603,7,2.51527e-11,0,20.2318,10.2558,31.9543,7,5.5005e-09,0
sachdeva_star,"star_join(complete_graph(600), 300)",180001,108000601,lap,39.0277,206.937,242.458,629,9.88076e-09,0,88.0599,12.7812,101.72,41,9.31056e-09,0,20.3229,11.4204,31.7911,7,2.66005e-11,0,26.5617,13.4417,37.7111,7,3.5523e-09,0
sachdeva_star,"star_join(complete_graph(650), 325)",211251,137313151,lap,50.2163,314.693,364.909,741,1.43202e-08,0,110.233,18.4936,127.301,42,8.94875e-09,0,29.275,12.2396,40.225,7,2.62971e-11,0,35.4474,14.5951,52.3223,7,3.16471e-09,0
sachdeva_star,"star_join(complete_graph(700), 350)",245001,171500701,lap,57.7972,453.975,511.237,864,9.98022e-09,0,156.09,23.9039,179.533,44,7.5551e-09,0,28.7129,18.1975,46.9557,7,2.5842e-11,0,41.2168,26.8241,66.9247,7,2.3695e-09,0
sachdeva_star,"star_join(complete_graph(750), 375)",281251,210938251,lap,87.6309,413.888,507.944,636,3.61775e-07,0,185.533,29.733,217.144,45,8.02953e-09,0,41.1661,18.9084,61.7636,7,2.9371e-11,0,56.1349,30.3005,86.2401,7,2.33476e-09,0
sachdeva_star,"star_join(complete_graph(800), 400)",320001,256000801,lap,108.415,316.31,427.974,399,7.01986e-06,0,221.679,34.6943,256.373,44,9.61193e-09,0,55.3094,26.3268,81.6361,7,2.73214e-11,0,64.1024,36.2501,98.4528,7,2.0236e-09,0
suitesparse,Andrews/Andrews,60000,760154,lap,0.413805,0.0917521,0.498032,16,5.68295e-09,0,0.891375,0.101134,0.992509,13,3.67846e-09,0,0.112593,0.184073,0.291041,19,6.90726e-09,0,0.155306,0.352088,0.507394,18,6.8485e-09,0
suitesparse,GHS_psdef/obstclae,40000,197608,sddm,0.069742,0.0548892,0.12488,21,4.63086e-09,0,0.136992,0.0495799,0.185931,17,6.67243e-09,0,0.0311182,0.134927,0.166045,19,9.86301e-09,0,0.046767,0.092484,0.139251,20,8.01838e-09,0
suitesparse,Gaertner/nopoly,10774,70842,lap,0.0136249,0.022804,0.0365932,28,6.82497e-09,0,0.0291328,0.016902,0.0458941,20,8.03368e-09,0,0.00969696,0.0440092,0.0537062,29,8.16977e-09,0,0.0156069,0.028456,0.0440419,31,6.05727e-09,0
suitesparse,GHS_psdef/apache1,80800,542184,sddm,0.177406,0.131392,0.315963,21,7.89739e-09,0,0.436033,0.115369,0.553671,15,5.46137e-09,0,0.068135,0.192143,0.256609,17,8.80876e-09,0,0.106248,0.165492,0.27174,18,9.30824e-09,0
suitesparse,GHS_psdef/jnlbrng1,40000,199200,sddm,0.075285,0.0454981,0.121109,17,5.37862e-09,0,0.176297,0.03863,0.215982,13,7.31032e-09,0,0.029454,0.120909,0.15166,18,8.79852e-09,0,0.044225,0.0783288,0.122554,18,7.81775e-09,0
suitesparse,GHS_psdef/torsion1,40000,197608,sddm,0.0703168,0.0532742,0.12539,20,9.09681e-09,0,0.143422,0.050992,0.194414,17,6.32414e-09,0,0.0318871,0.1355,0.168173,19,9.78033e-09,0,0.0465949,0.090946,0.137541,20,8.15134e-09,0
suitesparse,MaxPlanck/shallow_water1,81920,327680,sddm,0.11755,0.045747,0.160741,10,6.00891e-09,0,0.191895,0.044096,0.235991,9,5.17191e-09,0,0.059967,0.0324271,0.092871,18,1.70254e-10,0,0.0907829,0.0280039,0.122231,18,1.70254e-10,0
suitesparse,McRae/ecology1,1000000,4996000,lap,1.6744,2.73996,4.47254,42,7.94486e-09,0,3.49907,1.87535,5.37441,25,6.33707e-09,0,0.684502,3.14296,4.07834,28,6.45841e-09,0,1.44096,2.64462,4.04322,24,9.67536e-09,0
suitesparse,McRae/ecology1,1000000,4996000,,1.04205,1.19315,2.2352,42,8.73966e-09,0,2.46267,0.850422,3.31309,25,6.92931e-09,0,0.310715,1.67544,1.98615,27.5,7.27978e-09,0,,,,,,0
suitesparse,Norris/fv1,9604,85264,sddm,0.0219409,0.01138,0.032856,15,7.9364e-09,0,0.050288,0.0102789,0.0605669,12,4.50011e-09,0,0.00880098,0.00687504,0.0156391,25,5.4861e-09,0,0.013552,0.0064559,0.0200078,25,5.4861e-09,0
suitesparse,MaxPlanck/shallow_water2,81920,327680,sddm,0.129944,0.073514,0.206054,15,4.19677e-09,0,0.235341,0.0652359,0.29951,13,4.79458e-09,0,0.0685709,0.080353,0.148924,15,5.81963e-09,0,0.101503,0.0891671,0.192267,16,5.29736e-09,0
suitesparse,McRae/ecology2,999999,4995991,sddm,2.37121,2.57823,4.99987,42,7.95669e-09,0,4.41559,1.2436,6.23723,26,6.11917e-09,0,0.607358,3.94474,4.5521,27,9.59804e-09,0,1.27449,2.5749,3.8494,25,6.04615e-09,0
suitesparse,Norris/fv2,9801,87025,sddm,0.0213289,0.011421,0.0327499,14,5.04114e-09,0,0.0430231,0.010273,0.0531521,12,5.42077e-09,0,0.00879121,0.00675297,0.0156972,25,5.56644e-09,0,0.0138569,0.00641084,0.020119,25,5.56644e-09,0
suitesparse,Oberwolfach/t2dal_e,4257,4257,sddm,0.00230193,0.000227928,0.00255084,1,3.88544e-16,0,0.0031631,0.000166178,0.00332499,1,3.88544e-16,0,0.00238585,0.000203848,0.0025897,2,4.03503e-16,0,0.0032661,0.000244856,0.00350308,2,4.03503e-16,0
suitesparse,Norris/fv3,9801,87025,sddm,0.0121169,0.00849319,0.0203488,23,8.00417e-09,0,0.0234261,0.0109191,0.0333133,17,7.79875e-09,0,0.00482082,0.0175362,0.022357,23,8.73715e-09,0,0.00778222,0.0122249,0.0200071,24,6.9637e-09,0
suitesparse,Oberwolfach/t3dl_e,20360,20360,sddm,0.00890493,0.000626087,0.00956082,1,3.2043e-15,0,0.0142288,0.000641823,0.0148706,1,3.2043e-15,0,0.011956,0.000839949,0.0127859,2,8.68104e-16,0,0.015666,0.000948191,0.0166142,2,8.68104e-16,0
suitesparse,HB/nos6,675,3255,sddm,0.000931978,0.000864983,0.00179696,22,6.97292e-09,0,0.00161791,0.000730038,0.00231504,19,4.01318e-09,0,0.000575066,0.0012219,0.00179815,23,6.57455e-09,0,0.00090909,0.00117588,0.00209308,23,6.57455e-09,0
suitesparse,HB/nos7,729,4617,sddm,0.00162792,0.00137186,0.00299978,25,7.63311e-09,0,0.00302696,0.000983953,0.00401092,18,8.2538e-09,0,0.000942945,0.00128794,0.00223088,20,6.32098e-09,0,0.00133395,0.00132895,0.00263095,20,6.32098e-09,0
suitesparse,HB/bcsstm08,1074,1074,sddm,0.000778913,0.000123978,0.000952959,1,7.38499e-16,0,0.000880003,9.29832e-05,0.000974894,1,7.38499e-16,0,0.000416994,7.60555e-05,0.000491142,2,3.9773e-16,0,0.000547886,0.000102043,0.000649929,2,3.9773e-16,0
suitesparse,HB/bcsstm09,1083,1083,sddm,0.000650883,8.39233e-05,0.000738859,1,4.74113e-16,0,0.000520945,8.4877e-05,0.000605822,1,4.74113e-16,0,0.000716925,8.10623e-05,0.000793934,2,1.6531e-16,0,0.000871897,9.20296e-05,0.000963926,2,1.6531e-16,0
suitesparse,HB/bcsstm11,1473,1473,sddm,0.000841141,0.000111103,0.000962257,1,1.29576e-16,0,0.00111389,9.799e-05,0.00121188,1,1.29576e-16,0,0.000924826,9.70364e-05,0.00102186,2,8.48834e-17,0,0.00119281,0.000108004,0.00130081,2,8.48834e-17,0
suitesparse,HB/bcsstm21,3600,3600,sddm,0.00199699,0.000167131,0.00216699,1,5.51708e-16,0,0.0027051,0.000224829,0.0029521,1,5.51708e-16,0,0.00226092,0.00019598,0.00246811,2,3.48881e-16,0,0.00287414,0.000230074,0.00307512,2,3.48881e-16,0
suitesparse,HB/bcsstm23,3134,3134,sddm,0.00178909,0.000154018,0.00194311,1,2.47807e-16,0,0.002388,0.00015521,0.0025661,1,2.47807e-16,0,0.00164509,0.000174999,0.00183105,2,3.36521e-16,0,0.00251698,0.000212908,0.00273681,2,3.36521e-16,0
suitesparse,HB/bcsstm24,3562,3562,sddm,0.0020299,0.000165224,0.00220275,1,3.03249e-15,0,0.00267196,0.000195026,0.00289011,1,3.03249e-15,0,0.00221109,0.000188828,0.00239992,2,4.50641e-16,0,0.00283098,0.000232935,0.00306368,2,4.50641e-16,0
suitesparse,HB/bcsstm25,15439,15439,sddm,0.00780797,0.000519991,0.00832796,1,6.80008e-16,0,0.0108931,0.000531912,0.01141,1,6.80008e-16,0,0.00926399,0.000667095,0.00993109,2,1.61574e-16,0,0.0121751,0.000822067,0.0131011,2,1.61574e-16,0
suitesparse,HB/bcsstm26,1922,1922,sddm,0.0011549,0.000159025,0.001302,1,7.55653e-16,0,0.00156498,0.000149965,0.00171494,1,7.55653e-16,0,0.00124288,0.000148058,0.00139093,2,1.08579e-16,0,0.00162101,0.000164986,0.00177813,2,1.08579e-16,0
suitesparse,HB/gr_30_30,900,7744,sddm,0.00209093,0.00142908,0.00352693,20,4.63315e-09,0,0.00447679,0.000971079,0.00544786,14,8.26569e-09,0,0.00117183,0.00176001,0.00293183,22,8.24836e-09,0,0.00167513,0.00171995,0.00347424,22,8.24836e-09,0
suitesparse,Boeing/bcsstm39,46772,46772,sddm,0.0244322,0.00142217,0.0259671,1,5.61643e-15,0,0.0334771,0.00138903,0.0349181,1,5.61643e-15,0,0.0284829,0.00188708,0.030345,2,6.10063e-16,0,0.038795,0.00266385,0.04075,2,6.10063e-16,0
suitesparse,JGD_BIBD/bibd_81_2,3240,3240,sddm,0.001894,0.0001719,0.0020659,1,5.91874e-16,0,0.00246215,0.000164986,0.00264788,1,5.91874e-16,0,0.00204301,0.000174046,0.0022459,2,1.94341e-16,0,0.00279784,0.000234127,0.00311184,2,1.94341e-16,0
chimeraIPM,uni_chimera_i1,100000,1100592,,0.714287,0.177387,0.891674,17,4.57954e-09,0,1.80148,0.227215,2.0287,14,4.19434e-09,0,0.180258,0.243035,0.423293,19,6.13251e-09,0,,,,,,0
chimeraIPM,uni_chimera_i2,100000,797974,,0.205012,0.107503,0.312515,21,8.36408e-09,0,0.422183,0.099859,0.522042,16,5.46721e-09,0,0.102485,0.196515,0.299,21,5.31856e-09,0,,,,,,0
chimeraIPM,uni_chimera_i3,100000,499696,,0.0852461,0.098793,0.184039,26,6.14137e-09,0,0.247347,0.0775039,0.324851,18,9.98851e-09,0,0.080785,0.196739,0.277524,31,6.16028e-09,0,,,,,,0
chimeraIPM,uni_chimera_i4,100000,814436,,0.351425,0.139187,0.490612,21,5.37614e-09,0,0.835517,0.15286,0.988377,16,6.49501e-09,0,0.114935,0.301568,0.416503,35,7.84205e-09,0,,,,,,0
chimeraIPM,uni_chimera_i5,100000,499982,,0.152511,0.079706,0.232217,17,4.56043e-09,0,0.465617,0.0833631,0.54898,13,7.46712e-09,0,0.1278,0.17057,0.29837,17,8.89139e-09,0,,,,,,0
chimeraIPM,uni_chimera.n100000.i1.eps0.0001.1,100000,1100592,lap,1.07245,0.373356,1.43824,17,5.22155e-09,0,3.15947,0.439058,3.59853,14,4.57252e-09,0,0.332603,0.574057,0.910623,19,6.57561e-09,0,0.44683,0.637171,1.084,18,4.25523e-09,0
chimeraIPM,uni_chimera.n100000.i1.eps0.001.1,100000,1100592,lap,1.05861,0.373488,1.43469,17,5.2425e-09,0,3.11407,0.410681,3.53111,13,9.82136e-09,0,0.338537,0.579066,0.912274,19,6.21135e-09,0,0.463724,0.649765,1.1226,18,4.29967e-09,0
chimeraIPM,uni_chimera.n100000.i1.eps0.01.1,100000,1100592,lap,1.07551,0.381175,1.45909,17,5.23918e-09,0,3.1368,0.418476,3.54626,13,7.5211e-09,0,0.341728,0.57012,0.924731,19,5.64353e-09,0,0.461528,0.638488,1.10002,17,8.79282e-09,0
chimeraIPM,uni_chimera.n100000.i1.eps0.1.1,100000,1100592,lap,1.05477,0.37599,1.43076,17,3.99458e-09,0,3.10758,0.4193,3.52688,13,6.54403e-09,0,0.343034,0.558606,0.90164,18,5.57018e-09,0,0.455652,0.609104,1.06413,17,5.87981e-09,0
chimeraIPM,uni_chimera.n100000.i1.eps0.0001.2,100000,1100592,lap,1.05383,0.367724,1.41533,17,5.58075e-09,0,3.14803,0.408955,3.56135,13,6.05921e-09,0,0.333412,0.534774,0.868186,18,6.12791e-09,0,0.457118,0.631262,1.09923,18,4.65628e-09,0
chimeraIPM,uni_chimera.n100000.i1.eps0.001.2,100000,1100592,lap,1.04279,0.372456,1.42038,17,6.89424e-09,0,3.11586,0.408298,3.52362,13,7.70039e-09,0,0.32355,0.578464,0.902014,19,5.84345e-09,0,0.453458,0.650385,1.09766,18,4.63294e-09,0
chimeraIPM,uni_chimera.n100000.i1.eps0.01.2,100000,1100592,lap,1.04113,0.366413,1.40845,17,7.92334e-09,0,3.06583,0.413141,3.50471,13,7.50061e-09,0,0.3237,0.561765,0.88982,19,6.10045e-09,0,0.436145,0.61203,1.04789,18,4.56964e-09,0
chimeraIPM,uni_chimera.n100000.i1.eps0.1.2,100000,1100592,lap,1.02816,0.366988,1.39515,17,6.65627e-09,0,3.04579,0.43769,3.48348,14,3.46253e-09,0,0.322923,0.561045,0.883968,19,5.41733e-09,0,0.436204,0.647394,1.0836,18,4.80435e-09,0
chimeraIPM,uni_chimera.n100000.i1.eps0.0001.3,100000,1100592,lap,1.03564,0.371019,1.40122,17,4.85752e-09,0,3.06043,0.438046,3.49848,14,3.91008e-09,0,0.325881,0.561115,0.885516,19,6.19137e-09,0,0.43716,0.611386,1.05527,17,7.67982e-09,0
chimeraIPM,uni_chimera.n100000.i1.eps0.001.3,100000,1100592,lap,1.03239,0.366706,1.39909,17,3.91665e-09,0,3.05524,0.406826,3.46217,14,2.95125e-09,0,0.322959,0.561477,0.884483,19,6.00422e-09,0,0.436259,0.647306,1.08356,18,4.57556e-09,0
chimeraIPM,uni_chimera.n100000.i1.eps0.01.3,100000,1100592,lap,1.03264,0.366955,1.39893,17,4.82565e-09,0,3.05549,0.416263,3.49423,13,6.07853e-09,0,0.323189,0.539774,0.862963,18,6.31048e-09,0,0.438156,0.64852,1.08418,18,4.10479e-09,0
chimeraIPM,uni_chimera.n100000.i1.eps0.1.3,100000,1100592,lap,1.017,0.366472,1.39338,17,5.08857e-09,0,3.00455,0.408023,3.41257,13,5.71277e-09,0,0.323016,0.560265,0.883281,19,6.35868e-09,0,0.435598,0.649548,1.085,18,4.58946e-09,0
chimeraIPM,uni_chimera.n100000.i1.eps0.0001.4,100000,1100592,lap,1.03145,0.365591,1.39259,17,4.24101e-09,0,3.06882,0.411427,3.51359,13,5.80335e-09,0,0.329069,0.562674,0.891743,19,6.92063e-09,0,0.437586,0.647824,1.08541,18,4.16631e-09,0
chimeraIPM,uni_chimera.n100000.i1.eps0.001.4,100000,1100592,lap,1.02641,0.187874,1.2225,17,7.26424e-09,0,3.06093,0.406952,3.46789,13,7.10589e-09,0,0.322466,0.561112,0.883578,19,6.18662e-09,0,0.436937,0.616727,1.05366,17,7.634e-09,0
chimeraIPM,uni_chimera.n100000.i1.eps0.01.4,100000,1100592,lap,1.03248,0.377588,1.41466,17,4.20444e-09,0,3.06092,0.439281,3.49876,14,2.98899e-09,0,0.327218,0.560616,0.884238,19,7.23702e-09,0,0.437616,0.641675,1.07929,18,4.88704e-09,0
chimeraIPM,uni_chimera.n100000.i1.eps0.1.4,100000,1100592,lap,1.02963,0.261069,1.29413,17,5.25803e-09,0,2.99601,0.40805,3.40406,13,5.76227e-09,0,0.322767,0.529733,0.8525,18,7.12773e-09,0,0.435312,0.644509,1.07982,18,4.25845e-09,0
chimeraIPM,uni_chimera.n100000.i1.eps0.0001.5,100000,1100592,lap,1.02827,0.366876,1.39626,17,7.40965e-09,0,3.05171,0.407132,3.45804,13,8.77417e-09,0,0.323403,0.559012,0.882266,19,5.5611e-09,0,0.437766,0.644828,1.0819,18,5.11364e-09,0
chimeraIPM,uni_chimera.n100000.i1.eps0.001.5,100000,1100592,lap,1.02854,0.252144,1.31827,17,5.31912e-09,0,2.98835,0.406694,3.39504,13,5.72197e-09,0,0.321644,0.529804,0.853434,19,6.36348e-09,0,0.436346,0.605919,1.0436,17,7.82682e-09,0
chimeraIPM,uni_chimera.n100000.i1.eps0.01.5,100000,1100592,lap,1.0187,0.364193,1.38523,17,6.30473e-09,0,3.04686,0.406869,3.45267,13,7.4604e-09,0,0.321608,0.560594,0.882202,19,5.59791e-09,0,0.436297,0.653082,1.08938,18,4.09218e-09,0
chimeraIPM,uni_chimera.n100000.i1.eps0.1.5,100000,1100592,lap,1.01946,0.364992,1.38455,17,7.17395e-09,0,2.83531,0.405646,3.24118,13,5.95208e-09,0,0.321633,0.557462,0.879095,19,6.03807e-09,0,0.435116,0.639875,1.07528,18,4.39472e-09,0
chimeraIPM,uni_chimera.n100000.i1.eps0.0001.6,100000,1100592,lap,1.01781,0.364928,1.38284,17,5.41824e-09,0,3.05043,0.436564,3.47567,14,5.61756e-09,0,0.32208,0.558786,0.880866,19,5.58374e-09,0,0.437374,0.625828,1.06792,17,6.92617e-09,0
chimeraIPM,uni_chimera.n100000.i1.eps0.001.6,100000,1100592,lap,0.938036,0.365309,1.30334,17,5.25983e-09,0,2.86204,0.405188,3.26723,13,6.84793e-09,0,0.322001,0.55899,0.880991,19,5.32197e-09,0,0.435036,0.612415,1.04781,17,8.77034e-09,0
chimeraIPM,uni_chimera.n100000.i1.eps0.01.6,100000,1100592,lap,1.02397,0.364636,1.38826,17,4.59335e-09,0,3.04648,0.405856,3.45233,13,8.2513e-09,0,0.321786,0.55949,0.881085,19,5.73525e-09,0,0.434503,0.616786,1.05039,17,8.57774e-09,0
chimeraIPM,uni_chimera.n100000.i1.eps0.1.6,100000,1100592,lap,1.02519,0.364272,1.38981,17,7.02181e-09,0,2.724,0.406026,3.13003,14,5.62758e-09,0,0.322107,0.499933,0.82204,19,7.02046e-09,0,0.434543,0.606578,1.04159,17,9.11921e-09,0
chimeraIPM,uni_chimera.n100000.i1.eps1.0e-5.1,100000,1100592,lap,1.0254,0.36462,1.38909,17,7.03607e-09,0,3.04949,0.420512,3.48058,13,5.66511e-09,0,0.32181,0.560327,0.881665,19,5.47412e-09,0,0.441397,0.61587,1.05811,17,7.99065e-09,0
chimeraIPM,uni_chimera.n100000.i1.eps1.0e-5.2,100000,1100592,lap,1.01771,0.365529,1.38925,17,4.45277e-09,0,3.04457,0.405155,3.45052,13,6.45372e-09,0,0.321569,0.557524,0.879093,19,5.26448e-09,0,0.433834,0.648594,1.05057,18,4.19957e-09,0
chimeraIPM,uni_chimera.n100000.i1.eps1.0e-5.3,100000,1100592,lap,1.02554,0.364965,1.38956,17,4.43045e-09,0,3.04371,0.408203,3.48081,13,5.90708e-09,0,0.322101,0.557841,0.879775,19,5.58985e-09,0,0.434675,0.612413,1.0601,17,6.20446e-09,0
chimeraIPM,uni_chimera.n100000.i1.eps1.0e-5.4,100000,1100592,lap,1.02328,0.363983,1.38734,17,4.37716e-09,0,3.03867,0.406464,3.44553,13,5.29183e-09,0,0.322292,0.530056,0.852298,18,5.27924e-09,0,0.434918,0.610378,1.0453,17,7.37517e-09,0
chimeraIPM,uni_chimera.n100000.i2.eps0.0001.1,100000,797974,lap,0.359574,0.256622,0.61874,21,6.07415e-09,0,0.865333,0.243441,1.10592,17,4.90486e-09,0,0.190748,0.448693,0.639328,21,5.24958e-09,0,0.282285,0.489605,0.771881,23,7.14879e-09,0
chimeraIPM,uni_chimera.n100000.i2.eps0.001.1,100000,797974,lap,0.358452,0.256748,0.6152,21,9.02574e-09,0,0.862939,0.229045,1.09207,16,4.39401e-09,0,0.190482,0.41903,0.609512,20,9.12367e-09,0,0.21683,0.467036,0.683866,22,9.27456e-09,0
chimeraIPM,uni_chimera.n100000.i2.eps0.01.1,100000,797974,lap,0.362328,0.256604,0.618932,21,5.91282e-09,0,0.864206,0.214881,1.07909,15,8.28661e-09,0,0.190506,0.448913,0.639966,21,7.8227e-09,0,0.282904,0.492317,0.775221,23,7.97382e-09,0
chimeraIPM,uni_chimera.n100000.i2.eps0.1.1,100000,797974,lap,0.361229,0.268332,0.627002,22,7.2426e-09,0,0.864103,0.215013,1.08311,15,9.33424e-09,0,0.190785,0.44788,0.638247,21,5.68612e-09,0,0.282616,0.490267,0.773377,23,6.51084e-09,0
chimeraIPM,uni_chimera.n100000.i2.eps0.0001.2,100000,797974,lap,0.359278,0.268421,0.629736,22,5.50736e-09,0,0.872089,0.228928,1.10102,16,4.7683e-09,0,0.190274,0.45989,0.651031,21,5.71191e-09,0,0.287305,0.494586,0.781891,23,6.30547e-09,0
chimeraIPM,uni_chimera.n100000.i2.eps0.001.2,100000,797974,lap,0.358217,0.2571,0.615317,21,5.23341e-09,0,0.864866,0.229188,1.09405,16,3.73678e-09,0,0.190945,0.448476,0.638963,21,5.68423e-09,0,0.283314,0.492219,0.775533,23,8.18958e-09,0
chimeraIPM,uni_chimera.n100000.i2.eps0.01.2,100000,797974,lap,0.362226,0.268384,0.630787,22,7.49574e-09,0,0.865886,0.229082,1.09482,16,5.04169e-09,0,0.190541,0.427255,0.617796,20,9.4628e-09,0,0.282947,0.474429,0.757376,22,5.97734e-09,0
chimeraIPM,uni_chimera.n100000.i2.eps0.1.2,100000,797974,lap,0.360935,0.256783,0.617195,21,6.06525e-09,0,0.863461,0.231864,1.09532,16,7.21173e-09,0,0.193053,0.449732,0.640359,21,5.49446e-09,0,0.283182,0.490808,0.773949,23,6.11884e-09,0
chimeraIPM,uni_chimera.n100000.i2.eps0.0001.3,100000,797974,lap,0.243236,0.110194,0.348376,22,5.8902e-09,0,0.543214,0.214818,0.758032,16,3.69336e-09,0,0.190251,0.426987,0.617436,20,9.62867e-09,0,0.283316,0.251279,0.534595,23,5.88743e-09,0
chimeraIPM,uni_chimera.n100000.i2.eps0.001.3,100000,797974,lap,0.359381,0.268881,0.627164,22,6.66194e-09,0,0.866429,0.227615,1.09404,16,4.12024e-09,0,0.190056,0.449358,0.638917,21,5.58891e-09,0,0.283609,0.488168,0.771777,23,5.86987e-09,0
chimeraIPM,uni_chimera.n100000.i2.eps0.01.3,100000,797974,lap,0.361603,0.268426,0.625684,22,6.17616e-09,0,0.862093,0.228723,1.09096,16,7.65457e-09,0,0.190427,0.448518,0.638945,21,4.75716e-09,0,0.282282,0.495171,0.776329,23,5.25819e-09,0
chimeraIPM,uni_chimera.n100000.i2.eps0.1.3,100000,797974,lap,0.361575,0.243576,0.605151,21,8.98785e-09,0,0.867965,0.216133,1.0841,16,8.24456e-09,0,0.110477,0.191867,0.294307,21,5.8767e-09,0,0.149537,0.205022,0.354559,22,8.40861e-09,0
chimeraIPM,uni_chimera.n100000.i2.eps0.0001.4,100000,797974,lap,0.362095,0.268334,0.626369,22,7.75013e-09,0,0.864463,0.229482,1.09423,16,4.09358e-09,0,0.190627,0.450242,0.640869,21,6.03694e-09,0,0.283038,0.497675,0.779909,23,5.13415e-09,0
chimeraIPM,uni_chimera.n100000.i2.eps0.001.4,100000,797974,lap,0.36284,0.268554,0.629747,22,5.03954e-09,0,0.867102,0.215103,1.08221,15,8.67509e-09,0,0.190468,0.448406,0.639831,21,5.61259e-09,0,0.282646,0.479988,0.762634,22,7.66692e-09,0
chimeraIPM,uni_chimera.n100000.i2.eps0.01.4,100000,797974,lap,0.364223,0.269078,0.633716,22,5.44507e-09,0,0.875955,0.229411,1.11107,16,7.20007e-09,0,0.190645,0.444025,0.639616,20,9.19248e-09,0,0.283891,0.497841,0.779225,23,5.97059e-09,0
chimeraIPM,uni_chimera.n100000.i2.eps0.1.4,100000,797974,lap,0.342357,0.181335,0.523692,22,4.82587e-09,0,0.864535,0.229141,1.09547,16,3.99801e-09,0,0.190159,0.44835,0.639098,21,5.42451e-09,0,0.282786,0.490279,0.773065,23,7.12191e-09,0
chimeraIPM,uni_chimera.n100000.i2.eps0.0001.5,100000,797974,lap,0.361902,0.256513,0.618363,21,7.49346e-09,0,0.864771,0.228798,1.09357,16,6.96266e-09,0,0.190614,0.449022,0.639636,21,5.34052e-09,0,0.282666,0.492619,0.775285,23,7.13953e-09,0
chimeraIPM,uni_chimera.n100000.i2.eps0.001.5,100000,797974,lap,0.35851,0.256331,0.614841,21,7.05852e-09,0,0.868051,0.228716,1.0937,16,4.82924e-09,0,0.190618,0.454035,0.644653,21,5.14002e-09,0,0.283531,0.492937,0.783125,22,9.53405e-09,0
chimeraIPM,uni_chimera.n100000.i2.eps0.01.5,100000,797974,lap,0.358145,0.256529,0.528408,21,4.88446e-09,0,0.866162,0.229262,1.09548,16,3.74086e-09,0,0.15138,0.377534,0.528914,21,5.24334e-09,0,0.282815,0.488146,0.77201,23,6.70687e-09,0
chimeraIPM,uni_chimera.n100000.i2.eps0.1.5,100000,797974,lap,0.363744,0.26843,0.632174,22,5.13482e-09,0,0.866208,0.229285,1.09501,16,4.95044e-09,0,0.190279,0.448149,0.638529,21,6.79703e-09,0,0.282855,0.496546,0.780043,23,5.28235e-09,0
chimeraIPM,uni_chimera.n100000.i2.eps0.1.6,100000,797974,lap,0.362593,0.268636,0.631229,22,5.71423e-09,0,0.868603,0.228825,1.09778,16,5.67682e-09,0,0.190913,0.449608,0.641077,21,6.09723e-09,0,0.28295,0.472541,0.75741,22,9.13002e-09,0
chimeraIPM,uni_chimera.n100000.i2.eps1.0e-5.1,100000,797974,lap,0.358264,0.280757,0.639021,23,5.69605e-09,0,0.865062,0.228738,1.09289,16,3.34886e-09,0,0.190118,0.449594,0.639712,21,5.12231e-09,0,0.26426,0.394834,0.659094,23,5.49143e-09,0
chimeraIPM,uni_chimera.n100000.i2.eps1.0e-5.2,100000,797974,lap,0.361566,0.256693,0.618259,21,7.75458e-09,0,0.867717,0.229113,1.09911,16,3.65689e-09,0,0.190795,0.448584,0.639145,21,6.01651e-09,0,0.283476,0.492229,0.775705,22,7.08857e-09,0
chimeraIPM,uni_chimera.n100000.i2.eps1.0e-5.3,100000,797974,lap,0.358813,0.260172,0.625777,21,7.32188e-09,0,0.873631,0.228934,1.10257,16,5.04904e-09,0,0.191061,0.445631,0.637235,21,4.83262e-09,0,0.282645,0.490192,0.765949,22,8.70594e-09,0
chimeraIPM,uni_chimera.n100000.i3.eps0.0001.1,100000,499696,lap,0.084856,0.0988281,0.182722,26,8.43233e-09,0,0.271268,0.180335,0.451603,19,5.25943e-09,0,0.152851,0.421755,0.574606,30,9.24351e-09,0,0.20509,0.368196,0.573286,30,6.5185e-09,0
chimeraIPM,uni_chimera.n100000.i3.eps0.001.1,100000,499696,lap,0.169278,0.217492,0.38677,25,6.48515e-09,0,0.481587,0.187869,0.671586,19,4.92446e-09,0,0.153576,0.436716,0.590292,31,6.51447e-09,0,0.205667,0.397084,0.602751,29,7.53721e-09,0
chimeraIPM,uni_chimera.n100000.i3.eps0.01.1,100000,499696,lap,0.168855,0.216947,0.386007,25,7.02551e-09,0,0.480195,0.187361,0.666796,19,4.17349e-09,0,0.153019,0.436066,0.589438,31,6.26632e-09,0,0.205875,0.402866,0.608345,30,6.45339e-09,0
chimeraIPM,uni_chimera.n100000.i3.eps0.1.1,100000,499696,lap,0.168599,0.216973,0.385572,25,7.61525e-09,0,0.481428,0.187522,0.667979,19,8.94481e-09,0,0.153221,0.433671,0.588047,30,8.40508e-09,0,0.206796,0.390725,0.597521,30,7.75363e-09,0
chimeraIPM,uni_chimera.n100000.i3.eps0.0001.2,100000,499696,lap,0.168649,0.216877,0.385526,25,9.42649e-09,0,0.48009,0.0917251,0.571815,19,5.58744e-09,0,0.077776,0.194946,0.272283,31,6.42824e-09,0,0.112489,0.175479,0.287968,30,7.21464e-09,0
chimeraIPM,uni_chimera.n100000.i3.eps0.001.2,100000,499696,lap,0.168974,0.224866,0.393183,26,5.71197e-09,0,0.480715,0.187492,0.667808,19,5.55522e-09,0,0.153357,0.436375,0.589818,31,6.33871e-09,0,0.205861,0.405445,0.611306,30,6.37416e-09,0
chimeraIPM,uni_chimera.n100000.i3.eps0.01.2,100000,499696,lap,0.168737,0.207891,0.376459,24,8.87266e-09,0,0.480122,0.187363,0.668014,19,5.27634e-09,0,0.153382,0.435742,0.589403,31,6.66572e-09,0,0.205248,0.400849,0.606055,30,6.376e-09,0
chimeraIPM,uni_chimera.n100000.i3.eps0.1.2,100000,499696,lap,0.168544,0.216935,0.386008,25,6.81203e-09,0,0.482899,0.187177,0.667986,19,5.74217e-09,0,0.15364,0.435863,0.589568,31,6.76697e-09,0,0.205115,0.407973,0.613132,30,6.49488e-09,0
chimeraIPM,uni_chimera.n100000.i3.eps0.0001.3,100000,499696,lap,0.172203,0.224087,0.397105,25,6.13731e-09,0,0.481432,0.187221,0.668731,19,6.46772e-09,0,0.15305,0.427334,0.580384,31,6.6263e-09,0,0.200745,0.221111,0.421856,30,7.28286e-09,0
chimeraIPM,uni_chimera.n100000.i3.eps0.001.3,100000,499696,lap,0.16902,0.208068,0.37758,25,6.32188e-09,0,0.481172,0.187385,0.668356,19,5.01776e-09,0,0.152954,0.435698,0.588592,31,6.78879e-09,0,0.205109,0.404381,0.60949,30,8.16354e-09,0
chimeraIPM,uni_chimera.n100000.i3.eps0.01.3,100000,499696,lap,0.169123,0.216794,0.386655,25,7.08435e-09,0,0.48161,0.187348,0.667666,19,5.47233e-09,0,0.15364,0.42229,0.57594,30,9.00554e-09,0,0.205502,0.402577,0.608079,30,6.04823e-09,0
chimeraIPM,uni_chimera.n100000.i3.eps0.1.3,100000,499696,lap,0.168385,0.216822,0.385105,25,6.01734e-09,0,0.480688,0.187244,0.66827,19,4.8453e-09,0,0.153087,0.436505,0.589592,31,7.02793e-09,0,0.207054,0.396137,0.602,30,7.06702e-09,0
chimeraIPM,uni_chimera.n100000.i3.eps0.0001.4,100000,499696,lap,0.168077,0.216811,0.384888,25,6.84391e-09,0,0.481357,0.180417,0.669323,19,4.81634e-09,0,0.116498,0.426583,0.510388,31,6.62426e-09,0,0.205462,0.403992,0.609454,30,5.78505e-09,0
chimeraIPM,uni_chimera.n100000.i3.eps0.001.4,100000,499696,lap,0.16841,0.216632,0.385042,25,9.36832e-09,0,0.481107,0.187425,0.668236,19,4.9564e-09,0,0.153055,0.435689,0.588854,31,6.53534e-09,0,0.20559,0.395227,0.600817,30,7.2165e-09,0
chimeraIPM,uni_chimera.n100000.i3.eps0.01.4,100000,499696,lap,0.169162,0.216705,0.386468,25,7.41494e-09,0,0.483356,0.1873,0.670656,19,6.73339e-09,0,0.153332,0.436169,0.589167,31,7.1503e-09,0,0.205814,0.405072,0.610577,30,7.06008e-09,0
chimeraIPM,uni_chimera.n100000.i3.eps0.1.4,100000,499696,lap,0.168622,0.217542,0.387795,25,7.43003e-09,0,0.482215,0.187871,0.669673,19,5.41518e-09,0,0.154225,0.43556,0.588335,31,7.31572e-09,0,0.20651,0.397424,0.607254,30,7.91911e-09,0
chimeraIPM,uni_chimera.n100000.i3.eps0.0001.5,100000,499696,lap,0.168215,0.225764,0.395249,26,8.15508e-09,0,0.47962,0.0870121,0.566632,19,6.01747e-09,0,0.077786,0.198848,0.276397,31,6.35052e-09,0,0.120055,0.165291,0.281037,30,6.75352e-09,0
chimeraIPM,uni_chimera.n100000.i3.eps0.001.5,100000,499696,lap,0.168756,0.207699,0.376652,25,7.6378e-09,0,0.480074,0.187764,0.667485,19,4.56975e-09,0,0.152918,0.421687,0.574868,30,9.1525e-09,0,0.205572,0.378211,0.583389,29,8.5181e-09,0
chimeraIPM,uni_chimera.n100000.i3.eps0.01.5,100000,499696,lap,0.169401,0.216773,0.386174,25,7.52054e-09,0,0.480865,0.177605,0.659589,18,6.29782e-09,0,0.153342,0.436008,0.58935,31,6.56168e-09,0,0.205109,0.404521,0.610064,30,8.22591e-09,0
chimeraIPM,uni_chimera.n100000.i3.eps0.1.5,100000,499696,lap,0.169316,0.216446,0.384211,25,7.22902e-09,0,0.482672,0.177574,0.659167,19,6.33246e-09,0,0.153134,0.435692,0.588826,31,7.72309e-09,0,0.205843,0.40701,0.611708,30,6.33376e-09,0
chimeraIPM,uni_chimera.n100000.i3.eps0.0001.6,100000,499696,lap,0.0938151,0.098176,0.191991,25,7.28524e-09,0,0.258882,0.0807769,0.339659,19,6.60741e-09,0,0.07882,0.372642,0.451462,31,6.39428e-09,0,0.205437,0.364302,0.569994,30,6.80337e-09,0
chimeraIPM,uni_chimera.n100000.i3.eps0.001.6,100000,499696,lap,0.169078,0.216631,0.385996,25,8.5863e-09,0,0.481151,0.187279,0.669506,19,7.11952e-09,0,0.153073,0.435192,0.588185,31,6.71549e-09,0,0.206053,0.39907,0.605191,30,6.32807e-09,0
chimeraIPM,uni_chimera.n100000.i3.eps0.01.6,100000,499696,lap,0.169059,0.217136,0.386596,25,7.88039e-09,0,0.482221,0.187152,0.666774,19,6.56172e-09,0,0.153281,0.43605,0.589408,31,6.572e-09,0,0.20644,0.39496,0.601466,29,7.90503e-09,0
chimeraIPM,uni_chimera.n100000.i3.eps1.0e-5.1,100000,499696,lap,0.169288,0.225588,0.393772,26,7.44572e-09,0,0.482798,0.177869,0.660667,19,4.77289e-09,0,0.152992,0.435832,0.588546,31,6.65011e-09,0,0.20533,0.404489,0.609819,30,7.30591e-09,0
chimeraIPM,uni_chimera.n100000.i3.eps1.0e-5.2,100000,499696,lap,0.0948629,0.0947421,0.182267,25,5.85582e-09,0,0.256978,0.0798869,0.336162,19,6.33058e-09,0,0.080488,0.199326,0.279814,30,7.58131e-09,0,0.203876,0.388762,0.592638,30,7.26098e-09,0
chimeraIPM,uni_chimera.n100000.i3.eps1.0e-5.3,100000,499696,lap,0.168219,0.216457,0.384851,25,8.5222e-09,0,0.480182,0.187415,0.667597,19,4.89511e-09,0,0.153085,0.422094,0.575561,30,9.52274e-09,0,0.205887,0.395952,0.601155,30,7.74318e-09,0
chimeraIPM,uni_chimera.n100000.i3.eps1.0e-5.4,100000,499696,lap,0.168148,0.216291,0.384235,25,7.54677e-09,0,0.482219,0.177748,0.660205,18,7.8243e-09,0,0.153482,0.422694,0.576146,30,9.11652e-09,0,0.205503,0.404175,0.609678,30,5.46022e-09,0
chimeraIPM,uni_chimera.n100000.i4.eps0.0001.1,100000,814436,lap,0.547607,0.309438,0.857045,21,5.41673e-09,0,1.55695,0.296952,1.8539,15,8.61642e-09,0,0.208145,0.664602,0.872747,35,8.7085e-09,0,0.283858,0.44913,0.732988,23,6.76756e-09,0
chimeraIPM,uni_chimera.n100000.i4.eps0.001.1,100000,814436,lap,0.544205,0.30877,0.852975,21,7.86819e-09,0,1.56828,0.315428,1.88436,16,4.0226e-09,0,0.207396,0.701421,0.904666,35,8.73375e-09,0,0.283159,0.485102,0.768261,23,7.16331e-09,0
chimeraIPM,uni_chimera.n100000.i4.eps0.01.1,100000,814436,lap,0.548215,0.295173,0.855594,20,7.019e-09,0,1.56331,0.296576,1.85992,15,6.80908e-09,0,0.207801,0.663711,0.871512,33,7.81616e-09,0,0.283131,0.499611,0.782888,23,7.56897e-09,0
chimeraIPM,uni_chimera.n100000.i4.eps0.1.1,100000,814436,lap,0.539777,0.158691,0.698468,21,7.21518e-09,0,0.818976,0.149462,0.965211,16,6.98406e-09,0,0.121008,0.669045,0.790053,35,9.4757e-09,0,0.281384,0.473059,0.754443,23,8.78725e-09,0
chimeraIPM,uni_chimera.n100000.i4.eps0.0001.2,100000,814436,lap,0.555506,0.309187,0.869364,21,4.90712e-09,0,1.55616,0.316101,1.87227,16,6.04007e-09,0,0.207602,0.702581,0.910181,35,8.10406e-09,0,0.283667,0.506367,0.790416,24,6.07994e-09,0
chimeraIPM,uni_chimera.n100000.i4.eps0.001.2,100000,814436,lap,0.54981,0.30992,0.858605,21,6.62495e-09,0,1.55631,0.315666,1.87197,16,4.83107e-09,0,0.208101,0.681124,0.888603,34,7.13279e-09,0,0.282919,0.48244,0.771823,23,9.74062e-09,0
chimeraIPM,uni_chimera.n100000.i4.eps0.01.2,100000,814436,lap,0.559484,0.214614,0.774098,21,4.4135e-09,0,0.915617,0.315874,1.23149,16,3.83714e-09,0,0.207688,0.700561,0.908249,35,8.47688e-09,0,0.162281,0.447715,0.609996,23,9.74e-09,0
chimeraIPM,uni_chimera.n100000.i4.eps0.1.2,100000,814436,lap,0.547874,0.29498,0.842293,20,8.61683e-09,0,1.55742,0.315911,1.87322,16,5.42845e-09,0,0.20779,0.700353,0.908182,35,7.79374e-09,0,0.282027,0.484904,0.766919,23,7.09858e-09,0
chimeraIPM,uni_chimera.n100000.i4.eps0.0001.3,100000,814436,lap,0.549018,0.293735,0.842753,20,4.89058e-09,0,1.55479,0.317888,1.87268,16,5.58645e-09,0,0.20742,0.700906,0.908326,35,8.51293e-09,0,0.28279,0.481846,0.764636,23,8.59574e-09,0
chimeraIPM,uni_chimera.n100000.i4.eps0.001.3,100000,814436,lap,0.560596,0.293804,0.855248,20,9.56166e-09,0,1.53034,0.315943,1.84628,16,6.40742e-09,0,0.207507,0.680125,0.888247,34,9.52141e-09,0,0.282735,0.494069,0.777417,24,6.34648e-09,0
chimeraIPM,uni_chimera.n100000.i4.eps0.01.3,100000,814436,lap,0.552581,0.309217,0.857454,21,6.90927e-09,0,1.55373,0.315458,1.86941,16,5.84621e-09,0,0.208,0.703398,0.911398,35,8.53124e-09,0,0.282812,0.481278,0.763924,23,8.46804e-09,0
chimeraIPM,uni_chimera.n100000.i4.eps0.1.3,100000,814436,lap,0.546075,0.313235,0.862428,21,6.86229e-09,0,1.55592,0.315292,1.87121,16,4.31608e-09,0,0.208063,0.702496,0.910559,35,9.33248e-09,0,0.281289,0.499279,0.780568,24,6.45049e-09,0
chimeraIPM,uni_chimera.n100000.i4.eps0.0001.4,100000,814436,lap,0.547918,0.309395,0.858287,21,5.83292e-09,0,1.55915,0.316108,1.87584,16,4.26475e-09,0,0.207703,0.700773,0.908572,35,8.72031e-09,0,0.282073,0.509907,0.786909,23,7.89879e-09,0
chimeraIPM,uni_chimera.n100000.i4.eps0.001.4,100000,814436,lap,0.547489,0.295037,0.842526,20,9.13826e-09,0,1.41258,0.296694,1.61636,16,6.29364e-09,0,0.185609,0.51965,0.705259,35,7.70943e-09,0,0.283589,0.491123,0.774712,23,8.68867e-09,0
chimeraIPM,uni_chimera.n100000.i4.eps0.01.4,100000,814436,lap,0.54879,0.309031,0.856672,21,6.81982e-09,0,1.55924,0.296338,1.85588,15,7.67213e-09,0,0.207741,0.702497,0.910258,35,8.20893e-09,0,0.283655,0.476761,0.759782,23,9.42782e-09,0
chimeraIPM,uni_chimera.n100000.i4.eps0.1.4,100000,814436,lap,0.558678,0.309088,0.869047,21,7.56746e-09,0,1.5573,0.316947,1.87896,16,4.49489e-09,0,0.20766,0.691948,0.90167,35,8.45719e-09,0,0.281875,0.485266,0.767141,23,8.78665e-09,0
chimeraIPM,uni_chimera.n100000.i4.eps0.0001.5,100000,814436,lap,0.552456,0.29404,0.846085,21,6.13911e-09,0,1.5572,0.31603,1.87323,16,5.24101e-09,0,0.207628,0.700525,0.908783,35,8.43458e-09,0,0.282676,0.480339,0.763942,23,6.63505e-09,0
chimeraIPM,uni_chimera.n100000.i4.eps0.001.5,100000,814436,lap,0.552735,0.308317,0.851508,21,4.59121e-09,0,1.55276,0.316014,1.8489,16,5.7487e-09,0,0.207186,0.701354,0.908866,35,7.65378e-09,0,0.284426,0.50898,0.792161,23,6.87728e-09,0
chimeraIPM,uni_chimera.n100000.i4.eps0.01.5,100000,814436,lap,0.548972,0.272604,0.821576,20,7.89304e-09,0,1.56848,0.296443,1.86492,16,4.33727e-09,0,0.207172,0.702443,0.909615,35,8.78294e-09,0,0.283881,0.502448,0.786329,23,7.99664e-09,0
chimeraIPM,uni_chimera.n100000.i4.eps0.1.5,100000,814436,lap,0.558785,0.303463,0.867752,20,5.71772e-09,0,1.56013,0.296399,1.86835,15,7.5034e-09,0,0.208324,0.703113,0.911329,35,8.23088e-09,0,0.282123,0.487119,0.769242,23,8.49344e-09,0
chimeraIPM,uni_chimera.n100000.i4.eps0.1.6,100000,814436,lap,0.550456,0.308625,0.857178,21,4.64729e-09,0,1.36915,0.296144,1.68492,16,5.10964e-09,0,0.207359,0.70213,0.909814,35,8.20192e-09,0,0.283312,0.487091,0.771335,23,7.99251e-09,0
chimeraIPM,uni_chimera.n100000.i4.eps1.0e-5.1,100000,814436,lap,0.553131,0.294905,0.861472,20,8.28981e-09,0,1.55888,0.31589,1.87477,16,6.50576e-09,0,0.208106,0.702871,0.911323,35,7.98054e-09,0,0.283909,0.49997,0.783659,24,5.60885e-09,0
chimeraIPM,uni_chimera.n100000.i4.eps1.0e-5.2,100000,814436,lap,0.534156,0.294698,0.752995,21,7.44195e-09,0,1.32084,0.295493,1.61676,15,6.27312e-09,0,0.208262,0.70089,0.909152,35,8.53887e-09,0,0.283266,0.477691,0.760957,23,8.46173e-09,0
chimeraIPM,uni_chimera.n100000.i4.eps1.0e-5.3,100000,814436,lap,0.549019,0.308747,0.854756,21,6.98077e-09,0,1.5593,0.316023,1.87443,16,5.43317e-09,0,0.207772,0.702281,0.910053,35,8.06849e-09,0,0.283405,0.500712,0.783898,23,8.07106e-09,0
chimeraIPM,uni_chimera.n100000.i4.eps1.0e-5.4,100000,814436,lap,0.553233,0.281535,0.834768,21,6.33847e-09,0,1.25573,0.296221,1.55195,16,3.4189e-09,0,0.207943,0.701796,0.910426,35,8.56539e-09,0,0.283145,0.479025,0.762526,23,7.97802e-09,0
chimeraIPM,uni_chimera.n100000.i4.eps1.0e-5.5,100000,814436,lap,0.548718,0.30936,0.857651,21,5.44593e-09,0,1.5584,0.315662,1.87436,16,4.12432e-09,0,0.20774,0.702416,0.910215,35,7.90348e-09,0,0.283032,0.491628,0.774423,23,9.10095e-09,0
chimeraIPM,uni_chimera.n100000.i5.eps0.0001.1,100000,499982,lap,0.294024,0.172982,0.471179,17,4.06811e-09,0,0.8432,0.17018,1.01313,13,4.49234e-09,0,0.260461,0.405641,0.672608,17,8.93403e-09,0,0.298223,0.387626,0.687995,16,7.30791e-09,0
chimeraIPM,uni_chimera.n100000.i5.eps0.001.1,100000,499982,lap,0.162775,0.163045,0.32582,16,8.95849e-09,0,0.836621,0.129409,0.96603,14,3.29671e-09,0,0.182258,0.395257,0.577515,17,8.8942e-09,0,0.292603,0.384236,0.67664,16,7.82382e-09,0
chimeraIPM,uni_chimera.n100000.i5.eps0.01.1,100000,499982,lap,0.289974,0.173066,0.462278,17,5.62074e-09,0,0.84162,0.182287,1.02391,14,4.07278e-09,0,0.253924,0.404856,0.658847,17,9.09475e-09,0,0.293511,0.384123,0.677634,16,7.03799e-09,0
chimeraIPM,uni_chimera.n100000.i5.eps0.1.1,100000,499982,lap,0.297174,0.17325,0.472151,17,4.98153e-09,0,0.838409,0.169551,1.00796,13,8.61858e-09,0,0.225674,0.353558,0.579338,17,8.58426e-09,0,0.169639,0.144721,0.314198,16,6.06876e-09,0
chimeraIPM,uni_chimera.n100000.i5.eps0.0001.2,100000,499982,lap,0.155597,0.082469,0.236015,17,6.04393e-09,0,0.477087,0.159674,0.636761,13,6.97976e-09,0,0.254553,0.404336,0.658889,17,8.58216e-09,0,0.293532,0.15266,0.440368,16,8.21846e-09,0
chimeraIPM,uni_chimera.n100000.i5.eps0.001.2,100000,499982,lap,0.289629,0.172626,0.462255,17,8.84719e-09,0,0.838788,0.18924,1.02708,14,3.33798e-09,0,0.262828,0.416556,0.680599,17,9.03747e-09,0,0.305359,0.396243,0.702629,16,6.78325e-09,0
chimeraIPM,uni_chimera.n100000.i5.eps0.01.2,100000,499982,lap,0.300621,0.18092,0.482266,17,6.68529e-09,0,0.868729,0.18905,1.05813,14,6.13586e-09,0,0.263912,0.421586,0.685677,17,8.7329e-09,0,0.304881,0.397673,0.702261,16,8.09757e-09,0
chimeraIPM,uni_chimera.n100000.i5.eps0.1.2,100000,499982,lap,0.296355,0.172596,0.468951,17,6.42034e-09,0,0.825877,0.0811331,0.90701,13,6.83631e-09,0,0.141353,0.189639,0.330992,17,9.67208e-09,0,0.194895,0.160369,0.34195,16,6.65831e-09,0
chimeraIPM,uni_chimera.n100000.i5.eps0.0001.3,100000,499982,lap,0.288526,0.15488,0.443406,16,7.93347e-09,0,0.451421,0.089536,0.534347,14,3.64453e-09,0,0.128818,0.187281,0.31299,17,9.01369e-09,0,0.191138,0.382454,0.573592,16,6.4144e-09,0
chimeraIPM,uni_chimera.n100000.i5.eps0.001.3,100000,499982,lap,0.148409,0.0869868,0.235396,17,7.20199e-09,0,0.476267,0.0932641,0.564135,14,4.37343e-09,0,0.223981,0.274521,0.447384,17,8.84563e-09,0,0.304157,0.403521,0.708744,16,6.52177e-09,0
chimeraIPM,uni_chimera.n100000.i5.eps0.01.3,100000,499982,lap,0.300979,0.179687,0.480666,17,6.88664e-09,0,0.862996,0.174163,1.04743,13,8.46975e-09,0,0.261641,0.413368,0.675717,17,8.5741e-09,0,0.297083,0.386964,0.684047,16,7.23947e-09,0
chimeraIPM,uni_chimera.n100000.i5.eps0.1.3,100000,499982,lap,0.220435,0.140932,0.361367,17,5.4519e-09,0,0.829079,0.0905302,0.917408,14,6.5789e-09,0,0.129216,0.169172,0.298388,17,9.1545e-09,0,0.159861,0.242643,0.402504,16,6.34118e-09,0
chimeraIPM,uni_chimera.n100000.i5.eps0.0001.4,100000,499982,lap,0.147397,0.0836,0.230997,17,7.95823e-09,0,0.575363,0.0874901,0.66263,14,3.39836e-09,0,0.128559,0.183372,0.307445,17,8.999e-09,0,0.165449,0.154163,0.312617,16,6.86898e-09,0
chimeraIPM,uni_chimera.n100000.i5.eps0.001.4,100000,499982,lap,0.298058,0.178621,0.472619,17,9.03085e-09,0,0.863166,0.186938,1.05154,14,3.23261e-09,0,0.260063,0.415868,0.675931,17,8.90364e-09,0,0.300271,0.397351,0.697622,16,7.02258e-09,0
chimeraIPM,uni_chimera.n100000.i5.eps0.01.4,100000,499982,lap,0.151055,0.153964,0.305019,17,4.36973e-09,0,0.676601,0.0880549,0.764656,14,3.20112e-09,0,0.136505,0.178797,0.315302,17,9.02351e-09,0,0.153426,0.187866,0.341292,16,7.94622e-09,0
chimeraIPM,uni_chimera.n100000.i5.eps0.1.4,100000,499982,lap,0.148935,0.077409,0.227169,17,4.92497e-09,0,0.458798,0.098089,0.556887,14,2.90902e-09,0,0.121608,0.158261,0.279869,17,8.91031e-09,0,0.149233,0.14401,0.292436,16,6.20089e-09,0
chimeraIPM,uni_chimera.n100000.i5.eps0.0001.5,100000,499982,lap,0.300705,0.18142,0.4828,17,7.93659e-09,0,0.86717,0.189292,1.05646,14,4.69074e-09,0,0.267216,0.417762,0.687696,17,8.81842e-09,0,0.30239,0.402685,0.706494,16,7.68429e-09,0
chimeraIPM,uni_chimera.n100000.i5.eps0.001.5,100000,499982,lap,0.289734,0.172862,0.462596,17,6.70997e-09,0,0.685168,0.0874119,0.772145,14,4.1226e-09,0,0.128349,0.169025,0.297374,17,8.86513e-09,0,0.152762,0.155101,0.307863,16,6.91449e-09,0
chimeraIPM,uni_chimera.n100000.i5.eps0.01.5,100000,499982,lap,0.161254,0.0774109,0.237441,17,6.15163e-09,0,0.568639,0.182968,0.752467,14,3.41121e-09,0,0.23655,0.168693,0.405243,17,8.70662e-09,0,0.161074,0.167397,0.328471,16,7.29881e-09,0
chimeraIPM,uni_chimera.n100000.i5.eps0.1.5,100000,499982,lap,0.30123,0.177027,0.482898,17,5.47891e-09,0,0.868473,0.192335,1.06081,14,6.85934e-09,0,0.245884,0.391662,0.637546,17,8.54441e-09,0,0.307184,0.399506,0.707199,16,6.93761e-09,0
chimeraIPM,uni_chimera.n100000.i5.eps1.0e-5.1,100000,499982,lap,0.298058,0.164905,0.462963,17,5.13927e-09,0,0.842605,0.175498,1.01887,13,7.0096e-09,0,0.261427,0.404167,0.665594,17,8.74044e-09,0,0.280408,0.28386,0.564268,16,7.40528e-09,0
chimeraIPM,uni_chimera.n100000.i5.eps1.0e-5.2,100000,499982,lap,0.156003,0.094774,0.243587,17,7.18287e-09,0,0.454689,0.10015,0.554839,14,4.81988e-09,0,0.161793,0.285356,0.447149,17,9.51004e-09,0,0.288837,0.167794,0.461623,16,7.87654e-09,0
chimeraIPM,uni_chimera.n100000.i5.eps1.0e-5.3,100000,499982,lap,0.156075,0.161533,0.317608,17,6.25129e-09,0,0.866979,0.182021,1.04127,14,3.45989e-09,0,0.260472,0.418218,0.67869,17,8.75739e-09,0,0.308451,0.394633,0.703084,16,7.09108e-09,0
spielmanIPM,Spielman_k100,338402,1025404,,0.0661311,0.0450511,0.111182,7,9.56286e-09,0,0.132582,0.0261478,0.15873,4,6.30551e-10,0,0.084501,0.718499,0.803,39,9.49755e-09,0,,,,,,0
spielmanIPM,spielman.k100.low0.25.up1.0e-6.i1,338402,1025404,lap,0.0754709,0.044776,0.120247,7,1.85344e-09,0,0.14172,0.039835,0.184423,6,4.77717e-10,0,0.108782,0.720459,0.829241,39,8.76133e-09,0,0.0997331,0.00566697,0.105405,1,3.66987e-15,0
spielmanIPM,spielman.k100.low0.25.up1.0e-6.i2,338402,1025404,lap,0.0719559,0.032598,0.104373,5,1.00015e-09,0,0.138831,0.032141,0.170823,5,7.35943e-10,0,0.104589,0.726772,0.831096,39,7.65614e-09,0,0.0970669,0.00566196,0.102726,1,1.79066e-15,0
spielmanIPM,spielman.k100.low0.25.up1.0e-6.i3,338402,1025404,lap,0.0731301,0.0322459,0.105376,5,1.74106e-11,0,0.139381,0.026264,0.16552,4,1.79447e-09,0,0.105398,0.721737,0.827135,39,8.43351e-09,0,0.0975869,0.00567412,0.103253,1,1.82379e-15,0
spielmanIPM,spielman.k100.low0.25.up1.0e-6.i4,338402,1025404,lap,0.0731542,0.0262358,0.0994246,4,7.42811e-09,0,0.13998,0.026083,0.166063,4,4.94575e-10,0,0.106134,0.721416,0.8278,39,7.17701e-09,0,0.0977168,0.00566411,0.103381,1,1.1978e-15,0
spielmanIPM,spielman.k100.low0.25.up1.0e-6.i5,338402,1025404,lap,0.0730481,0.025785,0.0987949,4,3.60427e-09,0,0.139107,0.0260742,0.165181,4,3.63004e-09,0,0.105342,0.719223,0.824565,39,6.37595e-09,0,0.097404,0.00566483,0.103058,1,1.45106e-15,0
spielmanIPM,spielman.k100.low0.25.up1.0e-6.i6,338402,1025404,lap,0.0727758,0.0319762,0.104543,5,1.11361e-10,0,0.139284,0.0259881,0.165272,4,1.49378e-09,0,0.104986,0.719419,0.824417,39,7.24243e-09,0,0.0974061,0.00566697,0.103073,1,2.81222e-15,0
spielmanIPM,spielman.k100.low0.25.up1.0e-6.i7,338402,1025404,lap,0.072695,0.0258331,0.0985219,4,3.02907e-09,0,0.139031,0.0259609,0.165082,4,1.58015e-09,0,0.105246,0.718849,0.824095,39,8.05917e-09,0,0.097635,0.00566506,0.1033,1,1.5051e-15,0
spielmanIPM,spielman.k100.low0.25.up1.0e-6.i8,338402,1025404,lap,0.0715911,0.0261879,0.0977681,4,3.27183e-09,0,0.139114,0.025878,0.164992,4,2.41516e-09,0,0.105009,0.723639,0.828648,39,7.52161e-09,0,0.097609,0.00565815,0.10327,1,2.04702e-15,0
spielmanIPM,spielman.k100.low0.25.up1.0e-6.i9,338402,1025404,lap,0.0727041,0.0257888,0.099088,4,3.98121e-09,0,0.139269,0.026026,0.16532,4,1.52494e-10,0,0.105058,0.718752,0.823764,39,8.18222e-09,0,0.0976171,0.0056591,0.103276,1,2.12136e-15,0
spielmanIPM,spielman.k100.low0.25.up1.0e-6.i10,338402,1025404,lap,0.071871,0.0323539,0.104278,5,1.58045e-10,0,0.139233,0.025871,0.165277,4,3.26518e-09,0,0.105294,0.724675,0.830316,39,7.7206e-09,0,0.0978141,0.0056591,0.103473,1,9.624e-15,0
spielmanIPM,Spielman_k200,2686802,8100804,,0.901235,0.460573,1.36181,8,1.3567e-09,0,1.27114,0.405475,1.67661,7,1.1177e-09,0,0.893878,6.66409,7.55796,42,7.25274e-09,0,,,,,,0
spielmanIPM,spielman.k200.low0.25.up1.0e-6.i1,2686802,8100804,lap,0.724457,0.460784,1.17419,8,1.12886e-09,0,1.49149,0.344063,1.73012,6,7.57288e-09,0,0.965377,6.58809,7.51616,42,8.6148e-09,0,0.940839,0.0437038,0.984583,1,7.97191e-15,0
spielmanIPM,spielman.k200.low0.25.up1.0e-6.i2,2686802,8100804,lap,0.730369,0.352924,1.08309,6,2.00395e-09,0,1.31903,0.285301,1.60433,5,6.81546e-11,0,0.931463,6.71694,7.6484,43,8.87881e-09,0,0.915701,0.043658,0.959722,1,5.08584e-15,0
spielmanIPM,spielman.k200.low0.25.up1.0e-6.i3,2686802,8100804,lap,0.732374,0.296873,1.02802,5,1.32186e-09,0,1.32062,0.230582,1.55019,4,1.14438e-09,0,0.929476,6.85708,7.78519,43,8.34889e-09,0,0.921107,0.0435081,0.964559,1,3.06954e-15,0
spielmanIPM,spielman.k200.low0.25.up1.0e-6.i4,2686802,8100804,lap,0.739147,0.299494,1.03864,5,1.51966e-10,0,1.34186,0.232205,1.5736,4,5.09227e-09,0,0.93673,6.89472,7.82539,43,8.20719e-09,0,0.932708,0.043632,0.97634,1,3.33956e-15,0
spielmanIPM,spielman.k200.low0.25.up1.0e-6.i5,2686802,8100804,lap,0.74063,0.239803,0.982827,4,1.15253e-09,0,1.3364,0.229672,1.56689,4,3.51852e-09,0,0.928857,6.87581,7.80469,43,8.49933e-09,0,0.92563,0.0434961,0.969126,1,3.20671e-15,0
spielmanIPM,spielman.k200.low0.25.up1.0e-6.i6,2686802,8100804,lap,0.74069,0.288706,1.02326,5,5.91644e-11,0,1.34879,0.231562,1.58008,4,1.13636e-09,0,0.932427,6.87155,7.7992,43,8.35986e-09,0,0.930276,0.0435641,0.974076,1,2.93902e-15,0
spielmanIPM,spielman.k200.low0.25.up1.0e-6.i7,2686802,8100804,lap,0.749585,0.239503,0.989489,4,2.98949e-09,0,1.3528,0.22962,1.58238,4,1.89502e-09,0,0.935344,6.88228,7.82318,43,9.3226e-09,0,0.93426,0.0435219,0.978242,1,2.47239e-15,0
spielmanIPM,spielman.k200.low0.25.up1.0e-6.i8,2686802,8100804,lap,0.743946,0.240438,0.997112,4,3.8094e-09,0,1.34944,0.285704,1.63514,5,4.24271e-11,0,0.929239,6.65769,7.60154,43,8.53707e-09,0,0.935378,0.043489,0.978851,1,3.19333e-15,0
spielmanIPM,spielman.k200.low0.25.up1.0e-6.i9,2686802,8100804,lap,0.743172,0.233088,0.977926,4,2.49889e-09,0,1.64243,0.232054,1.87414,4,2.44489e-10,0,0.943945,6.67752,7.62332,43,7.54803e-09,0,0.942396,0.0436161,0.986012,1,5.85061e-14,0
spielmanIPM,spielman.k200.low0.25.up1.0e-6.i10,2686802,8100804,lap,0.740226,0.232709,0.972935,4,2.48376e-09,0,1.64056,0.230944,1.8715,4,4.95475e-10,0,0.943298,6.57192,7.50063,42,7.64639e-09,0,0.940298,0.043421,0.983597,1,2.42486e-15,0
spielmanIPM,Spielman_k300,9045202,27226204,,2.73281,1.77586,4.50868,8,1.31805e-09,0,4.50924,1.62055,6.12979,7,1.70543e-09,0,3.08747,25.3645,28.4519,45,8.26547e-09,0,,,,,,0
spielmanIPM,spielman.k300.low0.25.up1.0e-6.i1,9045202,27226204,lap,2.94231,1.79461,4.69183,8,2.00785e-09,0,5.27346,1.6322,6.91156,7,2.89372e-09,0,3.31938,24.3846,27.6424,44,7.91245e-09,0,4.0153,0.146572,4.16187,1,1.94542e-14,0
spielmanIPM,spielman.k300.low0.25.up1.0e-6.i2,9045202,27226204,lap,2.92668,1.57098,4.49458,7,2.6993e-09,0,5.36591,1.14762,6.51354,5,4.38392e-09,0,3.24489,30.5356,33.7805,45,7.4703e-09,0,3.95251,0.146503,4.0993,1,1.47018e-14,0
spielmanIPM,spielman.k300.low0.25.up1.0e-6.i3,9045202,27226204,lap,2.94117,1.12542,4.06658,5,3.49015e-10,0,5.34808,1.14334,6.46482,5,7.91865e-11,0,3.26283,29.847,33.1099,45,9.33867e-09,0,3.964,0.146868,4.1109,1,4.72994e-15,0
spielmanIPM,spielman.k300.low0.25.up1.0e-6.i4,9045202,27226204,lap,2.93981,0.89751,3.84045,4,7.17039e-09,0,5.3405,0.923326,6.39136,4,1.61405e-10,0,3.24564,24.8649,28.1181,45,7.29169e-09,0,4.18704,0.146371,4.33329,1,5.80982e-15,0
spielmanIPM,spielman.k300.low0.25.up1.0e-6.i5,9045202,27226204,lap,2.94361,0.892598,3.84527,4,2.75505e-09,0,5.3679,0.924442,6.29139,4,2.15005e-10,0,3.242,24.7936,28.0356,45,9.36592e-09,0,4.20492,0.14651,4.35121,1,6.02803e-15,0
spielmanIPM,spielman.k300.low0.25.up1.0e-6.i6,9045202,27226204,lap,2.95698,1.12048,4.07617,5,9.15285e-11,0,5.37995,0.925785,6.30036,4,5.42788e-10,0,3.27537,24.909,28.1949,45,6.87536e-09,0,4.23966,0.146377,4.386,1,5.20826e-15,0
spielmanIPM,spielman.k300.low0.25.up1.0e-6.i7,9045202,27226204,lap,2.97151,0.89639,3.87707,4,2.56018e-09,0,5.40616,0.925089,6.33105,4,2.63475e-10,0,3.26512,23.7738,27.0503,43,7.57507e-09,0,4.26049,0.146509,4.40682,1,2.95027e-15,0
spielmanIPM,spielman.k300.low0.25.up1.0e-6.i8,9045202,27226204,lap,3.15085,0.974738,4.12804,4,8.80859e-09,0,5.06635,0.925656,5.99583,4,2.32207e-10,0,3.26215,27.2731,30.5352,44,9.48554e-09,0,4.09469,0.14666,4.24128,1,1.74419e-14,0
spielmanIPM,spielman.k300.low0.25.up1.0e-6.i9,9045202,27226204,lap,3.15271,0.958219,4.10795,4,1.12203e-09,0,5.01774,0.955786,5.96968,4,2.94662e-10,0,3.25216,24.233,27.4929,44,8.13616e-09,0,4.26977,0.146955,4.41663,1,6.61682e-15,0
spielmanIPM,spielman.k300.low0.25.up1.0e-6.i10,9045202,27226204,lap,3.149,1.15561,4.3026,5,5.19199e-11,0,5.01238,0.956355,5.96952,4,2.84669e-10,0,3.23523,24.1763,27.4041,45,7.90322e-09,0,4.28642,0.14718,4.4336,1,5.15668e-15,0
spielmanIPM,Spielman_k400,21413602,64401604,,7.5405,4.48344,12.0239,7,9.60742e-09,0,12.4575,3.86576,16.3233,7,2.69322e-09,0,7.72366,99.0411,106.765,51,6.24562e-09,0,,,,,,0
spielmanIPM,spielman.k400.low0.25.up1.0e-6.i1,21413602,64401604,lap,7.24235,3.89172,11.2404,8,1.42793e-09,0,13.0161,3.25926,16.1884,6,1.11281e-09,0,7.42063,80.3356,87.7932,51,6.55987e-09,0,10.0791,0.360341,10.4371,1,2.5378e-14,0
spielmanIPM,spielman.k400.low0.25.up1.0e-6.i2,21413602,64401604,lap,7.27046,3.74085,11.0106,7,4.71009e-09,0,13.149,3.2559,16.4049,6,4.01713e-10,0,7.43873,73.8221,81.2608,45,8.1013e-09,0,10.1375,0.355414,10.4929,1,1.29857e-14,0
spielmanIPM,spielman.k400.low0.25.up1.0e-6.i3,21413602,64401604,lap,7.34008,2.75444,10.0945,5,2.63384e-09,0,13.2068,2.59488,15.7328,5,1.05625e-10,0,7.41505,68.2011,75.5908,45,8.27457e-09,0,10.4965,0.357872,10.8549,1,1.22614e-14,0
spielmanIPM,spielman.k400.low0.25.up1.0e-6.i4,21413602,64401604,lap,7.30064,2.66931,9.96995,5,3.69184e-11,0,13.2313,2.72486,15.9549,5,6.25813e-11,0,7.419,72.1777,79.5937,44,9.21145e-09,0,10.1327,0.356637,10.4893,1,1.63429e-14,0
spielmanIPM,spielman.k400.low0.25.up1.0e-6.i5,21413602,64401604,lap,7.33105,2.23873,9.61375,4,3.13795e-09,0,13.1929,2.21595,15.4088,4,1.91001e-10,0,7.41622,72.1754,79.6009,45,8.72893e-09,0,10.2534,0.355581,10.609,1,1.09913e-14,0
spielmanIPM,spielman.k400.low0.25.up1.0e-6.i6,21413602,64401604,lap,7.29855,2.22915,9.53867,4,1.28243e-09,0,13.1637,2.2245,15.3899,4,1.00798e-09,0,7.43963,73.8226,81.2623,46,9.30712e-09,0,10.2694,0.357873,10.6281,1,5.69797e-15,0
spielmanIPM,spielman.k400.low0.25.up1.0e-6.i7,21413602,64401604,lap,7.35589,2.22647,9.59011,4,2.43076e-09,0,13.2583,2.22251,15.4808,4,9.33315e-10,0,7.42738,73.7876,81.215,46,7.17968e-09,0,10.2572,0.356627,10.6122,1,9.05781e-15,0
spielmanIPM,spielman.k400.low0.25.up1.0e-6.i8,21413602,64401604,lap,7.32096,2.22871,9.54967,4,1.59332e-09,0,13.2904,2.22627,15.6191,4,3.63808e-11,0,7.45653,72.3081,79.7502,45,8.18759e-09,0,10.1997,0.356883,10.5566,1,6.57237e-15,0
spielmanIPM,spielman.k400.low0.25.up1.0e-6.i9,21413602,64401604,lap,7.38259,2.23509,9.61767,4,1.1695e-09,0,13.3477,2.22819,15.5771,4,8.26001e-10,0,7.45159,73.8896,81.3412,46,6.78769e-09,0,10.2625,0.356306,10.6188,1,1.29498e-14,0
spielmanIPM,spielman.k400.low0.25.up1.0e-6.i10,21413602,64401604,lap,7.3915,2.74121,10.1327,5,2.59814e-11,0,13.2934,2.23179,15.5147,4,4.19356e-10,0,7.45526,71.5005,78.9951,45,8.1542e-09,0,10.3255,0.358384,10.6839,1,5.46599e-15,0
spielmanIPM,Spielman_k500,41792002,125627004,,15.7194,8.51204,24.2315,8,8.57894e-10,0,24.7474,6.73301,31.4804,7,1.03708e-09,0,13.9424,213.21,227.152,60,7.89199e-09,0,,,,,,0
spielmanIPM,spielman.k500.low0.25.up1.0e-6.i1,41792002,125627004,lap,14.1751,7.42836,21.623,7,6.28898e-09,0,26.417,6.37017,33.0559,6,8.65721e-09,0,14.6475,201.064,215.721,58,9.1662e-09,0,20.8002,0.702905,21.4973,352,2.56701e-10,0
spielmanIPM,spielman.k500.low0.25.up1.0e-6.i2,41792002,125627004,lap,15.434,7.45354,22.8834,7,3.93211e-09,0,27.1579,7.3721,34.53,7,7.35272e-09,0,14.7087,157.436,172.145,45,9.40921e-09,0,21.0342,0.697166,21.7314,4,0.00030522,0
spielmanIPM,spielman.k500.low0.25.up1.0e-6.i3,41792002,125627004,lap,14.2378,6.37688,20.5904,6,9.7931e-11,0,26.6313,5.3782,32.0095,5,4.85224e-09,0,14.7348,162.251,177.009,46,7.75149e-09,0,21.0394,0.697692,21.7371,4,0.000200681,0
spielmanIPM,spielman.k500.low0.25.up1.0e-6.i4,41792002,125627004,lap,14.1342,5.35802,19.4864,5,1.16673e-10,0,26.4391,4.3261,30.8008,4,5.34262e-10,0,14.649,158.258,172.907,45,8.50457e-09,0,21.2058,0.70079,21.9055,187,2.81316e-09,0
spielmanIPM,spielman.k500.low0.25.up1.0e-6.i5,41792002,125627004,lap,14.0942,4.33922,18.4143,4,2.93907e-09,0,26.5379,4.32062,30.8585,4,3.40159e-09,0,14.6136,158.047,172.609,45,7.46638e-09,0,21.2195,0.698796,21.9183,5,0.000684378,0
spielmanIPM,spielman.k500.low0.25.up1.0e-6.i6,41792002,125627004,lap,14.1523,5.34419,19.4449,5,6.52669e-11,0,26.4831,4.32685,30.8099,4,1.0402e-09,0,14.5948,161.597,176.191,46,8.7687e-09,0,21.2821,0.701402,21.9802,197,3.28005e-09,0
spielmanIPM,spielman.k500.low0.25.up1.0e-6.i7,41792002,125627004,lap,14.1007,4.32059,18.4158,4,5.64651e-09,0,26.734,4.32792,31.0619,4,4.41368e-09,0,14.6014,161.5,176.112,46,7.50065e-09,0,21.2685,0.69971,21.9683,2,0.00400283,0
spielmanIPM,spielman.k500.low0.25.up1.0e-6.i8,41792002,125627004,lap,14.25,5.35516,19.6108,5,5.56209e-11,0,26.743,4.32953,31.0723,4,5.42293e-09,0,14.7358,158.802,174.977,45,9.3247e-09,0,21.4101,0.697226,22.1068,4,0.00100466,0
spielmanIPM,spielman.k500.low0.25.up1.0e-6.i9,41792002,125627004,lap,14.3361,4.3263,19.6382,4,4.14803e-09,0,26.6219,4.33086,30.9408,4,2.21848e-09,0,14.6917,161.524,176.216,46,8.18197e-09,0,21.3135,0.69661,22.0132,4,0.00360529,0
spielmanIPM,spielman.k500.low0.25.up1.0e-6.i10,41792002,125627004,lap,14.2307,4.31805,18.5487,4,3.57269e-09,0,26.7975,4.3293,31.1187,4,3.00126e-10,0,14.6272,164.995,179.65,47,7.78656e-09,0,21.368,0.699336,22.0664,5,0.000266665,0
spielmanIPM,Spielman_k600,72180402,216902404,,27.5148,11.6771,39.1919,7,5.70541e-09,0,38.7122,12.8966,51.6088,7,3.83959e-09,0,23.9986,408.79,432.789,64,8.55074e-09,0,,,,,,0
spielmanIPM,spielman.k600.low0.25.up1.0e-6.i1,72180402,216902404,lap,27.7947,13.6869,41.4816,7,5.0198e-09,0,41.8325,12.5194,54.3685,7,1.86913e-09,0,24.676,370.766,396.424,64,8.7388e-09,0,35.4239,1.22341,36.6473,697,0.0013748,0
spielmanIPM,spielman.k600.low0.25.up1.0e-6.i2,72180402,216902404,lap,27.6513,15.8262,43.4775,8,1.33148e-09,0,42.1799,10.9687,52.7953,6,1.75898e-09,0,24.5945,247.214,271.715,46,8.28611e-09,0,34.1383,1.21975,35.3496,4,0.000186782,0
spielmanIPM,spielman.k600.low0.25.up1.0e-6.i3,72180402,216902404,lap,28.0103,11.871,39.8787,6,3.01113e-10,0,42.3682,9.14169,51.3061,5,3.505e-09,0,24.758,293.964,318.645,47,7.22311e-09,0,37.7347,1.21067,38.9435,252,1.05245e-09,0
spielmanIPM,spielman.k600.low0.25.up1.0e-6.i4,72180402,216902404,lap,28.2484,8.30881,37.8883,5,9.94618e-11,0,42.6211,7.30045,49.9127,4,2.8925e-10,0,24.9217,253.47,277.937,45,8.58226e-09,0,34.5295,1.2227,35.7522,112,4.44943e-09,0
spielmanIPM,spielman.k600.low0.25.up1.0e-6.i5,72180402,216902404,lap,32.8166,8.35434,41.1554,4,5.70599e-09,0,52.727,8.76798,61.495,4,8.71411e-11,0,27.5773,340.441,367.654,45,8.4553e-09,0,41.207,1.30359,42.508,2,0.0081624,0
spielmanIPM,spielman.k600.low0.25.up1.0e-6.i6,72180402,216902404,lap,33.0308,10.2796,41.6857,5,1.33901e-11,0,53.2041,8.81118,62.7793,4,3.0789e-10,0,27.5903,320.616,348.206,47,9.17576e-09,0,41.5835,1.3094,42.9004,220,2.49648e-09,0
spielmanIPM,spielman.k600.low0.25.up1.0e-6.i7,72180402,216902404,lap,33.2322,10.2173,43.4495,5,2.16196e-11,0,53.7325,8.80082,62.5627,4,1.68557e-10,0,27.767,347.828,375.75,46,8.86133e-09,0,44.446,1.3162,45.7622,4,0.00131835,0
spielmanIPM,spielman.k600.low0.25.up1.0e-6.i8,72180402,216902404,lap,33.3905,10.1081,43.4987,5,4.26918e-11,0,52.1962,9.1724,60.8691,4,3.99509e-10,0,28.2555,312.753,341.009,47,5.91662e-09,0,37.7849,1.21661,39.0009,219,3.68153e-09,0
spielmanIPM,spielman.k600.low0.25.up1.0e-6.i9,72180402,216902404,lap,28.0474,7.93823,35.9857,4,1.59022e-09,0,42.6193,7.43112,50.0552,4,2.16824e-10,0,24.5765,253.548,278.124,45,9.71282e-09,0,34.6752,1.21891,35.8922,11,0.000172441,0
spielmanIPM,spielman.k600.low0.25.up1.0e-6.i10,72180402,216902404,lap,28.2568,7.93452,36.0207,4,1.5267e-09,0,43.2962,7.42603,50.7223,4,3.50754e-10,0,24.582,265.095,289.677,47,8.40999e-09,0,34.9661,1.21984,36.1846,108,4.77331e-09,0
spielmanIPM,spielman.k600.low0.25.up1.0e-6.i11,72180402,216902404,lap,28.1371,6.69621,35.023,4,5.07924e-09,0,43.1371,7.31315,50.4296,4,3.19662e-09,0,24.8177,272.524,297.342,47,8.20138e-09,0,34.9935,1.22596,36.2136,254,2.79072e-09,0
uni_chimera,"uni_chimera(10000,1001)",10000,39638,,0.00654006,0.00683498,0.013375,26,6.06096e-09,0,0.0149961,0.00643897,0.021435,20,4.75004e-09,0,0.00557184,0.0129189,0.0184908,36,9.1512e-09,0,,,,,,0
uni_chimera,"uni_chimera(10000,1001)",10000,39638,lap,0.014987,0.0198619,0.0348489,26,6.06096e-09,0,0.0383279,0.0153661,0.053694,20,4.75004e-09,0,0.0116661,0.0361171,0.0477831,36,9.1512e-09,0,0.0210631,0.0231471,0.0442102,23,7.7723e-09,0
uni_chimera,"uni_chimera(10000,1002)",10000,85814,,0.0201972,0.0117311,0.0319283,21,9.16122e-09,0,0.043416,0.010674,0.05409,16,9.37748e-09,0,0.00948095,0.0227368,0.0322177,32,5.82331e-09,0,,,,,,0
uni_chimera,"uni_chimera(10000,1002)",10000,85814,lap,0.035887,0.0286438,0.0645308,21,9.16122e-09,0,0.101528,0.0284109,0.129939,16,9.37748e-09,0,0.0228841,0.062654,0.0855381,32,5.82331e-09,0,0.031678,0.050813,0.0824909,28,6.68209e-09,0
uni_chimera,"uni_chimera(10000,1003)",10000,34090,lap,0.00709391,0.011189,0.0182829,21,8.51612e-09,0,0.0136189,0.00922894,0.0228479,16,4.90089e-09,0,0.0102379,0.0374141,0.047652,33,8.61812e-09,0,0.0123079,0.0081389,0.0204468,24,4.33805e-09,0
uni_chimera,"uni_chimera(100000,1001)",100000,332338,lap,0.120339,0.128448,0.248787,20,4.94999e-09,0,0.214555,0.106561,0.321116,16,4.22767e-09,0,0.137625,0.744754,0.882379,51,8.26399e-09,0,0.15198,0.077847,0.229827,22,2.59148e-09,0
uni_chimera,"uni_chimera(100000,1002)",100000,300000,lap,0.060519,0.00508094,0.0655999,1,1.16863e-16,0,0.100748,0.005723,0.106471,1,1.10531e-16,0,0.0933921,0.888721,0.982113,69,9.46345e-09,0,0.0672228,0.00268602,0.0699089,0,1.82898e-15,0
uni_chimera,"uni_chimera(100000,1003)",100000,596918,lap,0.0965359,0.159452,0.255988,34,7.18856e-09,0,0.191925,0.138715,0.33064,30,8.56741e-09,0,0.0617561,1.15765,1.21941,36,6.63362e-09,0,0.183812,0.266508,0.45032,38,6.86248e-09,0
uni_chimera,"uni_chimera(1000000,1001)",1000000,11868398,lap,15.1404,4.90606,20.0465,20,5.48934e-09,0,36.6561,5.39914,42.0552,15,4.92039e-09,0,4.80109,18.8386,23.6397,49,9.23691e-09,0,5.46125,9.17933,14.6406,25,9.17438e-09,0
uni_chimera,"uni_chimera(1000000,1002)",1000000,3000250,lap,0.631553,0.420616,1.05217,10,7.05607e-09,0,1.15503,0.333403,1.48843,8,8.70188e-09,0,1.06292,11.452,12.5149,53,9.75058e-09,0,1.47799,0.0261972,1.50419,1,1.06631e-16,0
uni_chimera,"uni_chimera(1000000,1003)",1000000,9361892,lap,4.28715,4.27585,8.563,36,8.7721e-09,0,10.1602,1.84451,12.0047,21,7.38137e-09,0,1.62875,9.43975,11.0685,42,8.2195e-09,0,4.22625,10.9177,15.1439,47,8.86904e-09,0
uni_chimera,"uni_chimera(10000000,1001)",10000000,73773956,lap,97.6198,115.689,213.309,26,6.87529e-09,0,177.49,98.5896,276.079,19,8.61596e-09,0,60.5634,255.411,315.975,45,8.96366e-09,0,86.9167,205.453,292.37,32,6.80603e-09,0
uni_chimera,"uni_chimera(10000000,1002)",10000000,82191978,lap,228.863,153.288,382.152,28,6.68731e-09,0,422.387,158.232,580.619,21,7.5632e-09,0,75.0651,243.428,318.493,31,7.39515e-09,0,114.355,264.577,378.932,28,8.11953e-09,0
uni_chimera,"uni_chimera(10000000,1003)",10000000,52803424,lap,86.7276,176.083,262.811,52,8.4357e-09,0,165.974,111.193,277.167,31,6.70223e-09,0,41.7194,267.033,308.753,53,8.0904e-09,0,63.7437,90.8562,154.6,34,7.66113e-09,0
uni_bndry_chimera,"uni_bndry_chimera(10000,1001)",9545,36543,,0.0156479,0.0139651,0.029613,22,5.75817e-09,0,0.0252721,0.0135901,0.0388622,18,6.67101e-09,0,0.0110979,0.0338221,0.04492,35,7.28324e-09,0,,,,,,0
uni_bndry_chimera,"uni_bndry_chimera(10000,1001)",9545,36543,sddm,0.0128,0.0139711,0.0267711,22,5.75817e-09,0,0.0254471,0.013057,0.0385041,18,6.67101e-09,0,0.0126269,0.0314522,0.0440791,35,7.28324e-09,0,0.017242,0.021059,0.038301,22,4.27107e-09,0
uni_bndry_chimera,"uni_bndry_chimera(10000,1002)",9545,78557,,0.0382202,0.0248251,0.0630453,19,5.40875e-09,0,0.073853,0.0228162,0.0966692,15,8.33656e-09,0,0.018507,0.0494902,0.0679972,24,8.95284e-09,0,,,,,,0
uni_bndry_chimera,"uni_bndry_chimera(10000,1002)",9545,78557,sddm,0.037065,0.0233629,0.0604279,19,5.40875e-09,0,0.075089,0.0214269,0.0965159,15,8.33656e-09,0,0.0187428,0.0452981,0.0640409,24,8.95284e-09,0,0.028569,0.0406668,0.0692358,23,8.52598e-09,0
uni_bndry_chimera,"uni_bndry_chimera(10000,1003)",9545,31429,sddm,0.0113091,0.00887895,0.0201881,17,8.97028e-09,0,0.0166759,0.00798202,0.024658,14,5.44117e-09,0,0.0100889,0.0329499,0.0430388,31,6.00321e-09,0,0.0107589,0.00598598,0.0167449,22,3.02708e-09,0
uni_bndry_chimera,"uni_bndry_chimera(100000,1001)",97872,320404,sddm,0.170017,0.101461,0.271478,18,5.43229e-09,0,0.199355,0.0857961,0.285151,14,8.34259e-09,0,0.125764,0.562124,0.687888,40,7.65046e-09,0,0.118787,0.0544949,0.173282,20,2.89307e-09,0
uni_bndry_chimera,"uni_bndry_chimera(100000,1002)",97872,289448,sddm,0.0968671,0.00563288,0.1025,1,4.18582e-16,0,0.143253,0.00651288,0.149766,1,4.68446e-16,0,0.102043,0.672927,0.77497,46,9.27577e-09,0,0.0658751,0.00325298,0.069128,2,9.45509e-17,0
uni_bndry_chimera,"uni_bndry_chimera(100000,1003)",97872,573862,sddm,0.186021,0.232508,0.418529,28,7.89084e-09,0,0.317858,0.212714,0.530572,25,8.06886e-09,0,0.124567,1.04822,1.17279,33,9.57871e-09,0,0.200754,0.460132,0.660886,36,8.27544e-09,0
uni_bndry_chimera,"uni_bndry_chimera(1000000,1001)",990000,11642130,sddm,12.1037,4.56755,16.6712,20,5.00855e-09,0,29.2297,4.48035,33.71,15,5.03996e-09,0,4.95927,17.7936,22.7529,43,9.46702e-09,0,7.37979,15.6109,22.9907,33,6.67698e-09,0
uni_bndry_chimera,"uni_bndry_chimera(1000000,1002)",990000,2950578,sddm,1.34876,0.73342,2.08218,15,7.32657e-09,0,1.95863,0.61124,2.56987,13,5.69623e-09,0,1.26827,10.616,11.8843,46,8.49864e-09,0,1.30202,0.0359869,1.33801,13,1.0807e-10,0
uni_bndry_chimera,"uni_bndry_chimera(1000000,1003)",990000,9185360,sddm,5.24997,4.68588,9.93585,34,5.74042e-09,0,11.1179,2.97098,14.0889,20,7.5596e-09,0,3.04437,11.5097,14.5541,40,7.48893e-09,0,4.96106,12.8686,17.8297,48,7.4185e-09,0
uni_bndry_chimera,"uni_bndry_chimera(10000000,1001)",9953703,73138215,sddm,68.8137,74.6651,143.479,26,6.1533e-09,0,134.174,58.0958,192.27,18,9.2027e-09,0,44.6039,112.479,157.083,32,8.47461e-09,0,68.6964,99.5549,168.251,28,8.49941e-09,0
uni_bndry_chimera,"uni_bndry_chimera(10000000,1002)",9953703,81479015,sddm,111.026,90.5453,201.572,27,5.93528e-09,0,200.366,81.6719,282.038,20,8.1854e-09,0,52.0861,127.636,179.722,33,7.81373e-09,0,77.448,116.159,193.607,27,8.80979e-09,0
uni_bndry_chimera,"uni_bndry_chimera(10000000,1003)",9953703,52360983,sddm,62.7542,71.2946,134.049,35,7.38242e-09,0,91.2407,52.0175,143.258,22,7.62459e-09,0,31.2699,140.392,171.662,48,8.44985e-09,0,42.7334,44.847,87.5804,28,8.96943e-09,0
wted_chimera,"wted_chimera(10000,1001)",10000,39638,,0.00655508,0.00501895,0.011574,22,5.42511e-09,0,0.0140851,0.00534081,0.0194259,17,5.53803e-09,0,0.00607204,0.00795507,0.0140271,23,7.21173e-09,0,,,,,,0
wted_chimera,"wted_chimera(10000,1001)",10000,39638,lap,0.01511,0.0147059,0.0298159,22,5.42511e-09,0,0.0327091,0.0130169,0.0457261,17,5.53803e-09,0,0.0130708,0.0209959,0.0340667,23,7.21173e-09,0,0.0181131,0.0156119,0.033725,21,9.55681e-09,0
wted_chimera,"wted_chimera(10000,1002)",10000,85814,,0.0167592,0.00986481,0.026624,20,9.32575e-09,0,0.038841,0.010103,0.048944,16,3.14189e-09,0,0.00910306,0.014168,0.0232711,25,5.79906e-09,0,,,,,,0
wted_chimera,"wted_chimera(10000,1002)",10000,85814,lap,0.027133,0.0212979,0.0484309,20,9.32575e-09,0,0.084403,0.0224578,0.106861,16,3.14189e-09,0,0.0200651,0.035382,0.0554471,25,5.79906e-09,0,0.0245521,0.035078,0.0596302,23,6.67367e-09,0
wted_chimera,"wted_chimera(10000,1003)",10000,34090,lap,0.00729895,0.00875592,0.0160549,16,9.57684e-09,0,0.0123048,0.00676608,0.0190709,12,5.61708e-09,0,0.00960088,0.0230629,0.0326638,24,7.22885e-09,0,0.0114639,0.00555396,0.0170178,20,3.06456e-09,0
wted_chimera,"wted_chimera(100000,1001)",100000,332338,lap,0.0762148,0.062165,0.13838,14,4.44489e-09,0,0.116377,0.047101,0.163478,11,9.81753e-09,0,0.0946519,0.297189,0.391841,26,9.9678e-09,0,0.084578,0.030597,0.115175,18,9.38736e-09,0
wted_chimera,"wted_chimera(100000,1002)",100000,300000,lap,0.0373471,0.0033071,0.0406542,1,1.40097e-16,0,0.0594361,0.00359106,0.0630271,1,1.45175e-16,0,0.0659592,0.264224,0.330183,40,9.57504e-09,0,0.0403068,0.00146294,0.0417697,0,2.59941e-16,0
wted_chimera,"wted_chimera(100000,1003)",100000,596918,lap,0.0908911,0.226038,0.316929,38,6.5175e-09,0,0.23436,0.193196,0.427556,32,8.45161e-09,0,0.075814,0.749108,0.824922,35,8.65659e-09,0,0.133111,0.335601,0.468712,37,9.61621e-09,0
wted_chimera,"wted_chimera(1000000,1001)",1000000,11868398,lap,15.5926,2.93891,18.5315,18,4.65834e-09,0,29.5323,3.28668,32.819,14,6.01927e-09,0,3.41041,5.19698,8.6074,28,9.14319e-09,0,5.15283,3.72962,8.88246,19,4.16296e-09,0
wted_chimera,"wted_chimera(1000000,1002)",1000000,3000250,lap,0.714393,0.179336,0.893729,6,2.43011e-09,0,1.12716,0.143917,1.27108,5,4.49147e-09,0,0.895875,2.77696,3.67283,25,7.05493e-09,0,1.65211,0.0142779,1.66639,1,7.49565e-16,0
wted_chimera,"wted_chimera(1000000,1003)",1000000,9361892,lap,4.11129,1.51747,5.62876,21,4.39589e-09,0,5.53613,1.17355,6.70968,15,3.62881e-09,0,1.67572,3.85325,5.52897,23,8.39636e-09,0,3.10007,3.40283,6.50291,25,3.95788e-09,0
wted_chimera,"wted_chimera(10000000,1001)",10000000,73773956,lap,48.3232,35.9438,84.267,18,9.30136e-09,0,82.8202,29.919,112.739,14,7.66543e-09,0,28.7933,52.9195,81.7128,21,7.13997e-09,0,53.2739,45.9918,99.2657,19,8.74678e-09,0
wted_chimera,"wted_chimera(10000000,1002)",10000000,82191978,lap,98.7266,67.6068,166.333,26,8.7147e-09,0,210.577,66.8541,277.431,20,6.50644e-09,0,36.426,59.4989,95.9249,25,7.25697e-09,0,54.4848,65.1076,119.592,23,7.28851e-09,0
wted_chimera,"wted_chimera(10000000,1003)",10000000,52803424,lap,43.2451,51.3905,94.6356,39,9.26083e-09,0,77.557,47.0171,124.574,25,9.42779e-09,0,23.9527,79.0345,102.987,40,8.77586e-09,0,29.0806,25.0201,54.1007,25,9.30186e-09,0
wted_bndry_chimera,"wted_bndry_chimera(10000,1001)",9545,36543,,0.0153508,0.0130498,0.0284007,20,3.96213e-09,0,0.0257349,0.0123408,0.0380757,16,4.04426e-09,0,0.014792,0.0220561,0.0368481,21,9.42235e-09,0,,,,,,0
wted_bndry_chimera,"wted_bndry_chimera(10000,1001)",9545,36543,sddm,0.00782299,0.00572705,0.01355,20,3.96213e-09,0,0.0127802,0.00645399,0.0192342,16,4.04426e-09,0,0.00872111,0.0101521,0.0188732,21,9.42235e-09,0,0.010998,0.00852585,0.0195239,21,4.86992e-09,0
wted_bndry_chimera,"wted_bndry_chimera(10000,1002)",9545,78557,,0.0387709,0.0239429,0.0627139,18,3.99334e-09,0,0.078198,0.021703,0.099901,14,6.96824e-09,0,0.0166631,0.0359409,0.052604,20,8.20572e-09,0,,,,,,0
wted_bndry_chimera,"wted_bndry_chimera(10000,1002)",9545,78557,sddm,0.0181398,0.00861001,0.0267498,18,3.99334e-09,0,0.0334098,0.00879288,0.0422027,14,6.96824e-09,0,0.00895214,0.0129261,0.0218782,20,8.20572e-09,0,0.0141549,0.013658,0.027813,21,6.76674e-09,0
wted_bndry_chimera,"wted_bndry_chimera(10000,1003)",9545,31429,sddm,0.00629497,0.00361514,0.00991011,13,7.84056e-09,0,0.00830197,0.00289583,0.0111978,11,6.6476e-09,0,0.00595093,0.0137951,0.0197461,24,6.28775e-09,0,0.00588799,0.00266695,0.00855494,18,1.87846e-09,0
wted_bndry_chimera,"wted_bndry_chimera(100000,1001)",97872,320404,sddm,0.120404,0.0483241,0.168728,14,1.12551e-09,0,0.105424,0.0282071,0.133631,10,8.14924e-09,0,0.060221,0.178438,0.238659,24,9.27199e-09,0,0.114372,0.0215149,0.135887,18,1.6873e-09,0
wted_bndry_chimera,"wted_bndry_chimera(100000,1002)",97872,289448,sddm,0.0627842,0.0046699,0.0674541,1,1.46719e-15,0,0.0692389,0.00370407,0.072943,1,1.52095e-15,0,0.0691991,0.163833,0.233032,36,9.25563e-09,0,0.0491421,0.00139093,0.0505331,2,1.13472e-16,0
wted_bndry_chimera,"wted_bndry_chimera(100000,1003)",97872,573862,sddm,0.10275,0.125518,0.228268,31,6.17689e-09,0,0.163043,0.0967641,0.259807,26,7.34762e-09,0,0.0647459,0.430956,0.495702,33,8.48071e-09,0,0.102054,0.189205,0.291259,35,9.05823e-09,0
wted_bndry_chimera,"wted_bndry_chimera(1000000,1001)",990000,11642130,sddm,9.49916,1.99481,11.494,18,5.47597e-09,0,18.3091,2.22461,20.5337,14,3.32505e-09,0,2.24755,3.22877,5.47632,30,7.56075e-09,0,3.81779,2.83505,6.65284,20,7.42734e-09,0
wted_bndry_chimera,"wted_bndry_chimera(1000000,1002)",990000,2950578,sddm,0.966518,0.166131,1.13265,7,9.49752e-09,0,1.34029,0.178101,1.51839,7,4.23855e-09,0,0.72925,2.0225,2.75175,24,6.83753e-09,0,1.05409,0.0182118,1.0723,10,1.15408e-11,0
wted_bndry_chimera,"wted_bndry_chimera(1000000,1003)",990000,9185360,sddm,3.29152,1.07239,4.36391,19,5.32743e-09,0,5.41352,0.665683,6.07921,11,7.22509e-09,0,1.74538,3.31773,5.06312,23,9.94282e-09,0,2.99786,2.99628,5.99414,27,1.46746e-09,0
wted_bndry_chimera,"wted_bndry_chimera(10000000,1001)",9953703,73138215,sddm,47.7253,32.1937,79.9191,15,3.7654e-09,0,90.5572,27.3292,117.886,12,7.75403e-09,0,34.3018,56.4678,90.7696,21,7.68756e-09,0,52.8793,56.783,109.662,20,3.45466e-09,0
wted_bndry_chimera,"wted_bndry_chimera(10000000,1002)",9953703,81479015,sddm,83.1018,68.6725,151.774,26,7.76675e-09,0,151.034,53.6922,204.726,20,5.49418e-09,0,38.3553,60.1958,98.551,26,6.59385e-09,0,61.3908,57.2425,118.633,23,7.18309e-09,0
wted_bndry_chimera,"wted_bndry_chimera(10000000,1003)",9953703,52360983,sddm,48.5042,38.821,87.3252,31,7.68427e-09,0,83.1778,28.5465,111.724,20,8.16939e-09,0,24.7329,61.6147,86.3476,29,8.55467e-09,0,38.1864,34.8077,72.9941,25,8.06293e-09,0
