file	testName	solver	runs	failures	med_build_s	med_solve_s	med_tot_s	med_its	max_err
aniso.paper.seed1.reps3.jld2	aniso_grid_sddm(2.0e8,0.001)	ac	3	0	135.11077213287354	94.48744511604309	229.59821724891663	26.0	7.958972615530935e-9
aniso.paper.seed1.reps3.jld2	aniso_grid_sddm(2.0e8,0.001)	ac-s2m2	3	0	343.0035469532013	94.94589304924011	437.9494400024414	20.0	6.5639087951757586e-9
aniso.paper.seed1.reps3.jld2	aniso_grid_sddm(2.0e8,0.001)	cmg-k	3	0	37.08536100387573	105.37970519065857	142.90190815925598	26.0	9.170149791072473e-9
aniso.paper.seed1.reps3.jld2	aniso_grid_sddm(2.0e8,0.001)	cmg-v	3	0	16.01677393913269	60.07871913909912	76.087247133255	25.0	9.18382343695385e-9
aniso.paper.seed1.reps3.jld2	aniso_grid_sddm(2.0e8,0.01)	ac	3	0	99.04112100601196	66.43522095680237	165.50977396965027	26.0	9.469720408394103e-9
aniso.paper.seed1.reps3.jld2	aniso_grid_sddm(2.0e8,0.01)	ac-s2m2	3	0	249.09770607948303	73.91898393630981	323.01669001579285	20.0	8.919870778628282e-9
aniso.paper.seed1.reps3.jld2	aniso_grid_sddm(2.0e8,0.01)	cmg-k	3	0	16.10600781440735	51.46198892593384	67.56799674034119	27.0	8.335627917148796e-9
aniso.paper.seed1.reps3.jld2	aniso_grid_sddm(2.0e8,0.01)	cmg-v	3	0	15.561538934707642	62.93886613845825	78.50892281532288	26.0	7.910886783244273e-9
aniso.paper.seed1.reps3.jld2	aniso_grid_sddm(2.0e8,0.1)	ac	3	0	103.06629204750061	72.86031603813171	175.74327778816223	27.0	9.292576868641666e-9
aniso.paper.seed1.reps3.jld2	aniso_grid_sddm(2.0e8,0.1)	ac-s2m2	3	0	265.349112033844	79.69691205024719	345.0460240840912	20.0	7.52253526481113e-9
aniso.paper.seed1.reps3.jld2	aniso_grid_sddm(2.0e8,0.1)	cmg-k	3	0	15.735196113586426	51.72119498252869	67.32403802871704	27.0	8.47380413685947e-9
aniso.paper.seed1.reps3.jld2	aniso_grid_sddm(2.0e8,0.1)	cmg-v	3	0	15.215188026428223	66.09341287612915	81.30860090255737	26.0	7.793609968792717e-9
aniso.paper.seed1.reps3.jld2	aniso_grid_sddm(2.0e8,1.0)	ac	3	0	113.88539791107178	75.50602698326111	189.35674691200256	27.0	7.917095704121062e-9
aniso.paper.seed1.reps3.jld2	aniso_grid_sddm(2.0e8,1.0)	ac-s2m2	3	0	260.393474817276	87.3975019454956	347.7909767627716	20.0	9.192876892755754e-9
aniso.paper.seed1.reps3.jld2	aniso_grid_sddm(2.0e8,1.0)	cmg-k	3	0	35.46136999130249	170.91834616661072	206.3797161579132	30.0	4.544822248096426e-9
aniso.paper.seed1.reps3.jld2	aniso_grid_sddm(2.0e8,1.0)	cmg-v	3	0	34.47623586654663	148.63227486610413	183.10851073265076	28.0	5.988941949853252e-9
aniso.paper.seed1.reps3.jld2	aniso_grid_sddm(2.0e8,10.0)	ac	3	0	160.65988898277283	100.6696629524231	261.7450740337372	26.0	9.721163007257362e-9
aniso.paper.seed1.reps3.jld2	aniso_grid_sddm(2.0e8,10.0)	ac-s2m2	3	0	395.97180104255676	105.22317790985107	501.0317370891571	20.0	6.651193959575193e-9
aniso.paper.seed1.reps3.jld2	aniso_grid_sddm(2.0e8,10.0)	cmg-k	3	0	35.65705895423889	151.9891369342804	187.6461958885193	29.0	7.067126160585049e-9
aniso.paper.seed1.reps3.jld2	aniso_grid_sddm(2.0e8,10.0)	cmg-v	3	0	34.67489290237427	241.99330592155457	276.6950697898865	28.0	6.876345434326001e-9
aniso.paper.seed1.reps3.jld2	aniso_grid_sddm(2.0e8,100.0)	ac	3	0	139.1342568397522	88.15698385238647	227.29124069213867	26.0	6.404445409516045e-9
aniso.paper.seed1.reps3.jld2	aniso_grid_sddm(2.0e8,100.0)	ac-s2m2	3	0	348.6111309528351	89.49378108978271	438.1049120426178	19.0	8.508211109181037e-9
aniso.paper.seed1.reps3.jld2	aniso_grid_sddm(2.0e8,100.0)	cmg-k	3	0	34.77691912651062	135.33179783821106	171.01428079605103	29.0	7.835927860989333e-9
aniso.paper.seed1.reps3.jld2	aniso_grid_sddm(2.0e8,100.0)	cmg-v	3	0	32.851590156555176	140.7010099887848	173.55260014533997	28.0	6.431869032761808e-9
aniso.paper.seed1.reps3.jld2	aniso_grid_sddm(2.0e8,1000.0)	ac	3	0	97.07477378845215	57.71539306640625	154.7901668548584	22.0	9.830370172983767e-9
aniso.paper.seed1.reps3.jld2	aniso_grid_sddm(2.0e8,1000.0)	ac-s2m2	3	0	175.02244591712952	58.23465013504028	233.2570960521698	18.0	6.857720956532257e-9
aniso.paper.seed1.reps3.jld2	aniso_grid_sddm(2.0e8,1000.0)	cmg-k	3	0	22.18140196800232	36.61791396141052	58.807453870773315	18.0	5.483838213119228e-9
aniso.paper.seed1.reps3.jld2	aniso_grid_sddm(2.0e8,1000.0)	cmg-v	3	0	21.371994972229004	57.74674391746521	79.11873888969421	17.0	7.488776710756655e-9
aniso.smoke.seed1.reps2.jld2	aniso_grid_sddm(200000.0,0.01)	ac	2	0	0.044777631759643555	0.02239847183227539	0.06717610359191895	20.0	5.681361460085044e-9
aniso.smoke.seed1.reps2.jld2	aniso_grid_sddm(200000.0,0.01)	ac-s2m2	2	0	0.08561456203460693	0.0200040340423584	0.10561859607696533	16.0	6.640767623851656e-9
aniso.smoke.seed1.reps2.jld2	aniso_grid_sddm(200000.0,0.01)	cmg-k	2	0	0.017245054244995117	0.030960559844970703	0.04820561408996582	22.0	6.779299600107859e-9
aniso.smoke.seed1.reps2.jld2	aniso_grid_sddm(200000.0,0.01)	cmg-v	2	0	0.01661694049835205	0.039525508880615234	0.056142449378967285	21.0	6.7845117622790635e-9
aniso.smoke.seed1.reps2.jld2	aniso_grid_sddm(200000.0,100.0)	ac	2	0	0.04816699028015137	0.025768399238586426	0.07393538951873779	17.0	6.02070156218432e-9
aniso.smoke.seed1.reps2.jld2	aniso_grid_sddm(200000.0,100.0)	ac-s2m2	2	0	0.08457696437835693	0.022405385971069336	0.10698235034942627	14.5	9.138343777750551e-9
aniso.smoke.seed1.reps2.jld2	aniso_grid_sddm(200000.0,100.0)	cmg-k	2	0	0.019243478775024414	0.022713541984558105	0.04195702075958252	15.0	7.560411374796296e-9
aniso.smoke.seed1.reps2.jld2	aniso_grid_sddm(200000.0,100.0)	cmg-v	2	0	0.017991065979003906	0.021550893783569336	0.03954195976257324	15.0	9.838337450390281e-9
checkered.paper.seed1.reps3.jld2	checkered_grid_sddm(2.0e8, 2, 2, 2, 1.0e7)	ac	3	0	184.3158631324768	171.512619972229	357.93670892715454	40.0	9.043302862837815e-9
checkered.paper.seed1.reps3.jld2	checkered_grid_sddm(2.0e8, 2, 2, 2, 1.0e7)	ac-s2m2	3	0	369.37409114837646	303.0597629547119	672.4338541030884	31.0	7.915493199303005e-9
checkered.paper.seed1.reps3.jld2	checkered_grid_sddm(2.0e8, 2, 2, 2, 1.0e7)	cmg-k	3	0	22.849096059799194	83.6426088809967	107.44740796089172	30.0	6.8314754206961915e-9
checkered.paper.seed1.reps3.jld2	checkered_grid_sddm(2.0e8, 2, 2, 2, 1.0e7)	cmg-v	3	0	20.779393911361694	100.98310899734497	121.76250290870667	29.0	9.590195400307765e-9
checkered.paper.seed1.reps3.jld2	checkered_grid_sddm(2.0e8, 4, 4, 4, 1.0e7)	ac	3	0	164.04986000061035	260.61978912353516	424.6696491241455	47.0	8.811589180113729e-9
checkered.paper.seed1.reps3.jld2	checkered_grid_sddm(2.0e8, 4, 4, 4, 1.0e7)	ac-s2m2	3	0	405.1628749370575	262.41796112060547	674.6495659351349	35.0	8.644676392835546e-9
checkered.paper.seed1.reps3.jld2	checkered_grid_sddm(2.0e8, 4, 4, 4, 1.0e7)	cmg-k	3	0	23.23097515106201	81.55417990684509	105.2604501247406	29.0	1.8592031099823468e-7
checkered.paper.seed1.reps3.jld2	checkered_grid_sddm(2.0e8, 4, 4, 4, 1.0e7)	cmg-v	3	0	20.585757970809937	84.50845098495483	105.09420895576477	28.0	7.97267656461647e-9
checkered.paper.seed1.reps3.jld2	checkered_grid_sddm(2.0e8, 8, 8, 8, 1.0e7)	ac	3	0	209.2760260105133	271.0423119068146	487.9408462047577	51.0	9.928724436772689e-9
checkered.paper.seed1.reps3.jld2	checkered_grid_sddm(2.0e8, 8, 8, 8, 1.0e7)	ac-s2m2	3	0	367.3354778289795	275.7540419101715	638.7560479640961	40.0	9.608168074820031e-9
checkered.paper.seed1.reps3.jld2	checkered_grid_sddm(2.0e8, 8, 8, 8, 1.0e7)	cmg-k	3	0	23.797985076904297	80.01921200752258	103.81719708442688	27.0	8.68909526155472e-9
checkered.paper.seed1.reps3.jld2	checkered_grid_sddm(2.0e8, 8, 8, 8, 1.0e7)	cmg-v	3	0	23.447391033172607	86.02074384689331	109.46813488006592	26.0	9.218255072953873e-9
checkered.paper.seed1.reps3.jld2	checkered_grid_sddm(2.0e8, 16, 16, 16, 1.0e7)	ac	3	0	191.9429681301117	294.69547510147095	449.07696509361267	52.0	9.780738175590741e-9
checkered.paper.seed1.reps3.jld2	checkered_grid_sddm(2.0e8, 16, 16, 16, 1.0e7)	ac-s2m2	3	0	414.8098258972168	318.51113200187683	732.7003719806671	42.0	9.121439327308733e-9
checkered.paper.seed1.reps3.jld2	checkered_grid_sddm(2.0e8, 16, 16, 16, 1.0e7)	cmg-k	3	0	27.75463604927063	97.7257170677185	123.54817700386047	29.0	6.516514512718886e-9
checkered.paper.seed1.reps3.jld2	checkered_grid_sddm(2.0e8, 16, 16, 16, 1.0e7)	cmg-v	3	0	25.351891040802002	100.01097393035889	125.36286497116089	28.0	9.821248199393844e-9
checkered.paper.seed1.reps3.jld2	checkered_grid_sddm(2.0e8, 32, 32, 32, 1.0e7)	ac	3	0	181.69263291358948	290.47257709503174	503.2412300109863	56.0	9.522034765340137e-9
checkered.paper.seed1.reps3.jld2	checkered_grid_sddm(2.0e8, 32, 32, 32, 1.0e7)	ac-s2m2	3	0	367.3969359397888	321.7924520969391	688.0687770843506	45.0	8.27696744217094e-9
checkered.paper.seed1.reps3.jld2	checkered_grid_sddm(2.0e8, 32, 32, 32, 1.0e7)	cmg-k	3	0	32.700846910476685	102.10281896591187	134.25532913208008	31.0	6.865908948436245e-9
checkered.paper.seed1.reps3.jld2	checkered_grid_sddm(2.0e8, 32, 32, 32, 1.0e7)	cmg-v	3	0	30.514806032180786	101.90859699249268	131.81005716323853	28.0	7.206626015588811e-9
checkered.paper.seed1.reps3.jld2	checkered_grid_sddm(2.0e8, 64, 64, 64, 1.0e7)	ac	3	0	196.35250306129456	298.64765906333923	506.704106092453	62.0	9.91050742713425e-9
checkered.paper.seed1.reps3.jld2	checkered_grid_sddm(2.0e8, 64, 64, 64, 1.0e7)	ac-s2m2	3	0	350.3798840045929	332.5468530654907	748.0585367679596	47.0	9.972169715893588e-9
checkered.paper.seed1.reps3.jld2	checkered_grid_sddm(2.0e8, 64, 64, 64, 1.0e7)	cmg-k	3	0	28.544853925704956	65.53195905685425	94.0768129825592	25.0	8.71271650611817e-9
checkered.paper.seed1.reps3.jld2	checkered_grid_sddm(2.0e8, 64, 64, 64, 1.0e7)	cmg-v	3	0	24.978806018829346	84.58417701721191	106.43520998954773	25.0	6.725767600168858e-9
checkered.paper.seed1.reps3.jld2	checkered_grid_sddm(2.0e8, 128, 128, 128, 1.0e7)	ac	3	0	152.22082114219666	240.6862349510193	392.90705609321594	53.0	9.751276759519805e-9
checkered.paper.seed1.reps3.jld2	checkered_grid_sddm(2.0e8, 128, 128, 128, 1.0e7)	ac-s2m2	3	0	412.27303290367126	200.60025787353516	612.8732907772064	34.0	9.754502311885046e-9
checkered.paper.seed1.reps3.jld2	checkered_grid_sddm(2.0e8, 128, 128, 128, 1.0e7)	cmg-k	3	0	33.707762002944946	79.27673006057739	112.98449206352234	20.0	5.926066740950292e-9
checkered.paper.seed1.reps3.jld2	checkered_grid_sddm(2.0e8, 128, 128, 128, 1.0e7)	cmg-v	3	0	35.03978610038757	125.87831616401672	160.9181022644043	28.0	9.900929635161489e-9
checkered.smoke.seed1.reps2.jld2	checkered_grid_sddm(200000.0, 2, 2, 2, 1.0e7)	ac	2	0	0.04131805896759033	0.03810000419616699	0.07941806316375732	33.5	9.496262469989287e-9
checkered.smoke.seed1.reps2.jld2	checkered_grid_sddm(200000.0, 2, 2, 2, 1.0e7)	ac-s2m2	2	0	0.09195137023925781	0.032466888427734375	0.12441825866699219	25.5	6.390622168326201e-9
checkered.smoke.seed1.reps2.jld2	checkered_grid_sddm(200000.0, 2, 2, 2, 1.0e7)	cmg-k	2	0	0.014933943748474121	0.03701496124267578	0.0519489049911499	26.5	7.273677832307643e-9
checkered.smoke.seed1.reps2.jld2	checkered_grid_sddm(200000.0, 2, 2, 2, 1.0e7)	cmg-v	2	0	0.014998555183410645	0.05201160907745361	0.06701016426086426	25.5	8.03933304840565e-9
chimeraIPM.paper.seed1.reps1.jld2	uni_chimera_i1	ac	1	0	0.7142870426177979	0.17738699913024902	0.8916740417480469	17.0	4.579541591748837e-9
chimeraIPM.paper.seed1.reps1.jld2	uni_chimera_i1	ac-s2m2	1	0	1.801482915878296	0.22721505165100098	2.028697967529297	14.0	4.194344556844427e-9
chimeraIPM.paper.seed1.reps1.jld2	uni_chimera_i1	cmg-k	1	0	0.18685483932495117	0.3012681007385254	0.48812294006347656	20.0	5.029335597273748e-9
chimeraIPM.paper.seed1.reps1.jld2	uni_chimera_i1	cmg-v	1	0	0.18025803565979004	0.24303483963012695	0.423292875289917	19.0	6.132505001563843e-9
chimeraIPM.paper.seed1.reps1.jld2	uni_chimera_i2	ac	1	0	0.20501184463500977	0.10750317573547363	0.3125150203704834	21.0	8.364081247013865e-9
chimeraIPM.paper.seed1.reps1.jld2	uni_chimera_i2	ac-s2m2	1	0	0.4221830368041992	0.09985899925231934	0.5220420360565186	16.0	5.467207059075357e-9
chimeraIPM.paper.seed1.reps1.jld2	uni_chimera_i2	cmg-k	1	0	0.1049339771270752	0.2149801254272461	0.3199141025543213	23.0	5.270154913041397e-9
chimeraIPM.paper.seed1.reps1.jld2	uni_chimera_i2	cmg-v	1	0	0.10248517990112305	0.19651508331298828	0.29900026321411133	21.0	5.318560154414943e-9
chimeraIPM.paper.seed1.reps1.jld2	uni_chimera_i3	ac	1	0	0.08524608612060547	0.09879302978515625	0.18403911590576172	26.0	6.141374780540884e-9
chimeraIPM.paper.seed1.reps1.jld2	uni_chimera_i3	ac-s2m2	1	0	0.2473468780517578	0.07750391960144043	0.32485079765319824	18.0	9.988505462840083e-9
chimeraIPM.paper.seed1.reps1.jld2	uni_chimera_i3	cmg-k	1	0	0.08376002311706543	0.22321486473083496	0.3069748878479004	30.0	6.130330940324155e-9
chimeraIPM.paper.seed1.reps1.jld2	uni_chimera_i3	cmg-v	1	0	0.08078503608703613	0.19673895835876465	0.2775239944458008	31.0	6.160282325342754e-9
chimeraIPM.paper.seed1.reps1.jld2	uni_chimera_i4	ac	1	0	0.3514251708984375	0.13918709754943848	0.490612268447876	21.0	5.3761403496572574e-9
chimeraIPM.paper.seed1.reps1.jld2	uni_chimera_i4	ac-s2m2	1	0	0.835517168045044	0.15285992622375488	0.9883770942687988	16.0	6.4950143989358305e-9
chimeraIPM.paper.seed1.reps1.jld2	uni_chimera_i4	cmg-k	1	0	0.11666083335876465	0.33670997619628906	0.4533708095550537	37.0	8.216355183411043e-9
chimeraIPM.paper.seed1.reps1.jld2	uni_chimera_i4	cmg-v	1	0	0.11493492126464844	0.30156803131103516	0.4165029525756836	35.0	7.842052810416535e-9
chimeraIPM.paper.seed1.reps1.jld2	uni_chimera_i5	ac	1	0	0.1525108814239502	0.07970595359802246	0.23221683502197266	17.0	4.560432277550827e-9
chimeraIPM.paper.seed1.reps1.jld2	uni_chimera_i5	ac-s2m2	1	0	0.46561717987060547	0.08336305618286133	0.5489802360534668	13.0	7.467118361584974e-9
chimeraIPM.paper.seed1.reps1.jld2	uni_chimera_i5	cmg-k	1	0	0.5006198883056641	0.2163410186767578	0.7169609069824219	18.0	5.1213195402922945e-9
chimeraIPM.paper.seed1.reps1.jld2	uni_chimera_i5	cmg-v	1	0	0.12779998779296875	0.17057013511657715	0.2983701229095459	17.0	8.891389988189739e-9
sachdeva_star.paper.seed1.reps3.jld2	star_join(complete_graph(100), 50)	ac	3	0	0.13865089416503906	0.18838882446289062	0.32665491104125977	86.0	9.889779528911733e-9
sachdeva_star.paper.seed1.reps3.jld2	star_join(complete_graph(100), 50)	ac-s2m2	3	0	0.3335990905761719	0.06515789031982422	0.3987569808959961	30.0	9.513862017290334e-9
sachdeva_star.paper.seed1.reps3.jld2	star_join(complete_graph(100), 50)	cmg-k	3	0	0.14461302757263184	0.15869402885437012	0.302152156829834	10.0	3.0614161682612896e-9
sachdeva_star.paper.seed1.reps3.jld2	star_join(complete_graph(100), 50)	cmg-v	3	0	0.14355993270874023	0.07839202880859375	0.22195196151733398	7.0	9.53221890083553e-12
sachdeva_star.paper.seed1.reps3.jld2	star_join(complete_graph(150), 75)	ac	3	0	0.6093189716339111	0.9041399955749512	1.5298779010772705	123.0	9.31833240484529e-9
sachdeva_star.paper.seed1.reps3.jld2	star_join(complete_graph(150), 75)	ac-s2m2	3	0	1.41298508644104	0.23160696029663086	1.644482135772705	32.0	9.800596654128788e-9
sachdeva_star.paper.seed1.reps3.jld2	star_join(complete_graph(150), 75)	cmg-k	3	0	0.4358220100402832	0.43498706817626953	0.8784549236297607	8.0	7.231774725325298e-9
sachdeva_star.paper.seed1.reps3.jld2	star_join(complete_graph(150), 75)	cmg-v	3	0	0.4281580448150635	0.263289213180542	0.6860320568084717	7.0	1.0564278354368683e-11
sachdeva_star.paper.seed1.reps3.jld2	star_join(complete_graph(200), 100)	ac	3	0	1.5700881481170654	3.269496202468872	4.909695148468018	186.0	9.690955320503231e-9
sachdeva_star.paper.seed1.reps3.jld2	star_join(complete_graph(200), 100)	ac-s2m2	3	0	3.440115213394165	0.5966918468475342	4.036807060241699	35.0	9.78558479725909e-9
sachdeva_star.paper.seed1.reps3.jld2	star_join(complete_graph(200), 100)	cmg-k	3	0	1.1277151107788086	1.4083919525146484	2.533431053161621	11.0	5.112381610046757e-9
sachdeva_star.paper.seed1.reps3.jld2	star_join(complete_graph(200), 100)	cmg-v	3	0	1.15842604637146	0.6194839477539062	1.7788419723510742	7.0	1.2011478205189567e-11
sachdeva_star.paper.seed1.reps3.jld2	star_join(complete_graph(250), 125)	ac	3	0	3.3705718517303467	8.214386940002441	11.584958791732788	246.0	9.81031500299245e-9
sachdeva_star.paper.seed1.reps3.jld2	star_join(complete_graph(250), 125)	ac-s2m2	3	0	6.8834779262542725	1.2798399925231934	8.139518737792969	38.0	8.859329237632482e-9
sachdeva_star.paper.seed1.reps3.jld2	star_join(complete_graph(250), 125)	cmg-k	3	0	2.5755960941314697	2.697340965270996	5.2776570320129395	11.0	5.451951199245519e-9
sachdeva_star.paper.seed1.reps3.jld2	star_join(complete_graph(250), 125)	cmg-v	3	0	2.5318520069122314	1.184844970703125	3.719897985458374	7.0	1.8469494562015373e-11
sachdeva_star.paper.seed1.reps3.jld2	star_join(complete_graph(300), 150)	ac	3	0	5.537723064422607	16.98473596572876	22.522459030151367	304.0	9.485545939127951e-9
sachdeva_star.paper.seed1.reps3.jld2	star_join(complete_graph(300), 150)	ac-s2m2	3	0	13.886229991912842	2.2662758827209473	16.175530910491943	39.0	8.974245225728158e-9
sachdeva_star.paper.seed1.reps3.jld2	star_join(complete_graph(300), 150)	cmg-k	3	0	3.9867100715637207	5.504791021347046	9.502377033233643	13.0	4.918937637031864e-9
sachdeva_star.paper.seed1.reps3.jld2	star_join(complete_graph(300), 150)	cmg-v	3	0	4.226477861404419	2.0280380249023438	6.245805978775024	7.0	2.2891295936509015e-11
sachdeva_star.paper.seed1.reps3.jld2	star_join(complete_graph(350), 175)	ac	3	0	10.149128913879395	34.797810077667236	44.98135805130005	374.0	9.90479563637054e-9
sachdeva_star.paper.seed1.reps3.jld2	star_join(complete_graph(350), 175)	ac-s2m2	3	0	21.94659113883972	3.5751149654388428	25.521706104278564	39.0	9.52006511190439e-9
sachdeva_star.paper.seed1.reps3.jld2	star_join(complete_graph(350), 175)	cmg-k	3	0	6.504777908325195	9.514273881912231	16.030160903930664	14.0	1.7570494254272422e-9
sachdeva_star.paper.seed1.reps3.jld2	star_join(complete_graph(350), 175)	cmg-v	3	0	6.445746183395386	3.272855043411255	9.715302228927612	7.0	1.9666691452336717e-11
sachdeva_star.paper.seed1.reps3.jld2	star_join(complete_graph(400), 200)	ac	3	0	14.95730185508728	58.53310203552246	74.00022220611572	431.0	9.973144453829332e-9
sachdeva_star.paper.seed1.reps3.jld2	star_join(complete_graph(400), 200)	ac-s2m2	3	0	32.86216497421265	5.284780025482178	38.604580879211426	39.0	8.91056442421264e-9
sachdeva_star.paper.seed1.reps3.jld2	star_join(complete_graph(400), 200)	cmg-k	3	0	10.317627906799316	14.260990142822266	24.578618049621582	14.0	7.065460311722261e-9
sachdeva_star.paper.seed1.reps3.jld2	star_join(complete_graph(400), 200)	cmg-v	3	0	10.396756887435913	4.853851079940796	15.250607967376709	7.0	3.027563154447109e-11
sachdeva_star.paper.seed1.reps3.jld2	star_join(complete_graph(450), 225)	ac	3	0	23.473201990127563	101.76314496994019	124.1710479259491	514.0	9.8666410467787e-9
sachdeva_star.paper.seed1.reps3.jld2	star_join(complete_graph(450), 225)	ac-s2m2	3	0	50.951663970947266	8.154234170913696	59.10589814186096	41.0	9.322876430319824e-9
sachdeva_star.paper.seed1.reps3.jld2	star_join(complete_graph(450), 225)	cmg-k	3	0	14.504333972930908	11.546473026275635	26.054665088653564	8.0	7.19141002507664e-9
sachdeva_star.paper.seed1.reps3.jld2	star_join(complete_graph(450), 225)	cmg-v	3	0	14.57733702659607	6.912369012832642	21.44331192970276	7.0	3.065472385134337e-11
sachdeva_star.paper.seed1.reps3.jld2	star_join(complete_graph(500), 250)	ac	3	0	29.015025854110718	170.36148810386658	199.3765139579773	638.0	2.3835661384592094e-5
sachdeva_star.paper.seed1.reps3.jld2	star_join(complete_graph(500), 250)	ac-s2m2	3	0	71.56485986709595	11.535733938217163	82.26750302314758	43.0	9.134236593995941e-9
sachdeva_star.paper.seed1.reps3.jld2	star_join(complete_graph(500), 250)	cmg-k	3	0	19.871739149093628	13.367011070251465	33.23875021934509	7.0	7.483430609882714e-9
sachdeva_star.paper.seed1.reps3.jld2	star_join(complete_graph(500), 250)	cmg-v	3	0	19.99110507965088	9.181761026382446	29.172866106033325	7.0	3.232322148551374e-11
sachdeva_star.paper.seed1.reps3.jld2	star_join(complete_graph(550), 275)	ac	3	0	43.41236710548401	221.8423891067505	265.5358431339264	627.0	6.232583558844328e-7
sachdeva_star.paper.seed1.reps3.jld2	star_join(complete_graph(550), 275)	ac-s2m2	3	0	98.80807900428772	14.894191980361938	113.38853812217712	42.0	9.560232763654942e-9
sachdeva_star.paper.seed1.reps3.jld2	star_join(complete_graph(550), 275)	cmg-k	3	0	26.1980459690094	17.635562896728516	43.87174677848816	7.0	5.575059425561583e-9
sachdeva_star.paper.seed1.reps3.jld2	star_join(complete_graph(550), 275)	cmg-v	3	0	26.385426998138428	12.001235961914062	38.41972494125366	7.0	2.701126695932332e-11
sachdeva_star.paper.seed1.reps3.jld2	star_join(complete_graph(600), 300)	ac	3	0	56.961835861206055	286.95976400375366	343.9215998649597	629.0	9.89002895760905e-9
sachdeva_star.paper.seed1.reps3.jld2	star_join(complete_graph(600), 300)	ac-s2m2	3	0	120.01095294952393	18.734009981155396	138.65942001342773	41.0	9.573327132781554e-9
sachdeva_star.paper.seed1.reps3.jld2	star_join(complete_graph(600), 300)	cmg-k	3	0	32.01927995681763	22.878047943115234	54.89732789993286	7.0	3.6602464612887135e-9
sachdeva_star.paper.seed1.reps3.jld2	star_join(complete_graph(600), 300)	cmg-v	3	0	31.91252303123474	15.606369018554688	47.523191928863525	7.0	2.7037184950359077e-11
sachdeva_star.paper.seed1.reps3.jld2	star_join(complete_graph(650), 325)	ac	3	0	69.45431900024414	423.4511570930481	493.7035331726074	741.0	3.1042412431351476e-6
sachdeva_star.paper.seed1.reps3.jld2	star_join(complete_graph(650), 325)	ac-s2m2	3	0	95.89650583267212	15.418985843658447	111.31549167633057	42.0	9.478474464575029e-9
sachdeva_star.paper.seed1.reps3.jld2	star_join(complete_graph(650), 325)	cmg-k	3	0	18.413465976715088	14.76630187034607	32.87608981132507	7.0	3.2178703652332038e-9
sachdeva_star.paper.seed1.reps3.jld2	star_join(complete_graph(650), 325)	cmg-v	3	0	18.582149982452393	10.57225489616394	28.699635982513428	7.0	3.16046125540828e-11
sachdeva_star.paper.seed1.reps3.jld2	star_join(complete_graph(700), 350)	ac	3	0	46.18871092796326	386.6952588558197	434.151535987854	864.0	2.9088822851523187e-8
sachdeva_star.paper.seed1.reps3.jld2	star_join(complete_graph(700), 350)	ac-s2m2	3	0	116.0774781703949	19.533262014389038	135.92325735092163	44.0	9.201172089592568e-9
sachdeva_star.paper.seed1.reps3.jld2	star_join(complete_graph(700), 350)	cmg-k	3	0	22.580981969833374	18.33332395553589	40.93359708786011	7.0	2.649593368966987e-9
sachdeva_star.paper.seed1.reps3.jld2	star_join(complete_graph(700), 350)	cmg-v	3	0	22.055115938186646	12.304654836654663	34.35977077484131	7.0	4.182333631782485e-11
sachdeva_star.paper.seed1.reps3.jld2	star_join(complete_graph(750), 375)	ac	3	0	75.12424993515015	351.78717398643494	427.80763506889343	636.0	0.014974399906537953
sachdeva_star.paper.seed1.reps3.jld2	star_join(complete_graph(750), 375)	ac-s2m2	3	0	131.77507090568542	24.732516050338745	156.93507885932922	45.0	9.502548757223813e-9
sachdeva_star.paper.seed1.reps3.jld2	star_join(complete_graph(750), 375)	cmg-k	3	0	28.47298312187195	22.726456880569458	51.401206254959106	7.0	2.354974973333123e-9
sachdeva_star.paper.seed1.reps3.jld2	star_join(complete_graph(750), 375)	cmg-v	3	0	28.374758005142212	15.495720863342285	43.8704788684845	7.0	3.298572231390136e-11
sachdeva_star.paper.seed1.reps3.jld2	star_join(complete_graph(800), 400)	ac	3	0	93.75006294250488	267.0581200122833	360.8081829547882	399.0	0.006072600212913224
sachdeva_star.paper.seed1.reps3.jld2	star_join(complete_graph(800), 400)	ac-s2m2	3	0	161.88030695915222	29.882615089416504	190.714124917984	44.0	9.96908876234696e-9
sachdeva_star.paper.seed1.reps3.jld2	star_join(complete_graph(800), 400)	cmg-k	3	0	34.409924030303955	27.927733182907104	62.44153332710266	7.0	2.0259122502126073e-9
sachdeva_star.paper.seed1.reps3.jld2	star_join(complete_graph(800), 400)	cmg-v	3	0	33.759109020233154	18.699821949005127	52.45893096923828	7.0	2.9542435423710156e-11
sachdeva_star.smoke.seed1.reps2.jld2	star_join(complete_graph(100), 50)	ac	2	0	0.07097446918487549	0.08952999114990234	0.16050446033477783	91.0	9.196109455483578e-9
sachdeva_star.smoke.seed1.reps2.jld2	star_join(complete_graph(100), 50)	ac-s2m2	2	0	0.1572895050048828	0.028004050254821777	0.1852935552597046	29.5	6.985776456247907e-9
sachdeva_star.smoke.seed1.reps2.jld2	star_join(complete_graph(100), 50)	cmg-k	2	0	0.5169135332107544	0.055524468421936035	0.5724380016326904	10.0	3.0614161682612896e-9
sachdeva_star.smoke.seed1.reps2.jld2	star_join(complete_graph(100), 50)	cmg-v	2	0	0.055101633071899414	0.027618050575256348	0.08271968364715576	7.0	9.53221890083553e-12
spielmanIPM.paper.seed1.reps1.jld2	Spielman_k100	ac	1	0	0.0661311149597168	0.04505109786987305	0.11118221282958984	7.0	9.56286123763573e-9
spielmanIPM.paper.seed1.reps1.jld2	Spielman_k100	ac-s2m2	1	0	0.1325819492340088	0.026147842407226562	0.15872979164123535	4.0	6.30550844437282e-10
spielmanIPM.paper.seed1.reps1.jld2	Spielman_k100	cmg-k	1	0	0.08830904960632324	0.4080519676208496	0.49636101722717285	35.0	7.2288063579730434e-9
spielmanIPM.paper.seed1.reps1.jld2	Spielman_k100	cmg-v	1	0	0.08450102806091309	0.718498945236206	0.8029999732971191	39.0	9.497552394416274e-9
spielmanIPM.paper.seed1.reps1.jld2	Spielman_k200	ac	1	0	0.9012348651885986	0.4605729579925537	1.3618078231811523	8.0	1.3567049864946358e-9
spielmanIPM.paper.seed1.reps1.jld2	Spielman_k200	ac-s2m2	1	0	1.271136999130249	0.4054749011993408	1.6766119003295898	7.0	1.1177018095776033e-9
spielmanIPM.paper.seed1.reps1.jld2	Spielman_k200	cmg-k	1	0	0.9885191917419434	3.868489980697632	4.857009172439575	34.0	9.704426490061603e-9
spielmanIPM.paper.seed1.reps1.jld2	Spielman_k200	cmg-v	1	0	0.8938779830932617	6.664086103439331	7.557964086532593	42.0	7.252737534479744e-9
spielmanIPM.paper.seed1.reps1.jld2	Spielman_k300	ac	1	0	2.7328131198883057	1.7758619785308838	4.5086750984191895	8.0	1.3180468797644553e-9
spielmanIPM.paper.seed1.reps1.jld2	Spielman_k300	ac-s2m2	1	0	4.509235858917236	1.6205549240112305	6.129790782928467	7.0	1.7054308075652303e-9
spielmanIPM.paper.seed1.reps1.jld2	Spielman_k300	cmg-k	1	0	3.2988648414611816	17.198068141937256	20.496932983398438	39.0	8.676467322991172e-9
spielmanIPM.paper.seed1.reps1.jld2	Spielman_k300	cmg-v	1	0	3.087472915649414	25.364464044570923	28.451936960220337	45.0	8.265473833114782e-9
spielmanIPM.paper.seed1.reps1.jld2	Spielman_k400	ac	1	0	7.5404980182647705	4.483438014984131	12.023936033248901	7.0	9.607421664680372e-9
spielmanIPM.paper.seed1.reps1.jld2	Spielman_k400	ac-s2m2	1	0	12.457503080368042	3.865760087966919	16.32326316833496	7.0	2.6932234491325868e-9
spielmanIPM.paper.seed1.reps1.jld2	Spielman_k400	cmg-k	1	0	7.582880973815918	57.646528005599976	65.2294089794159	51.0	9.397239189168483e-9
spielmanIPM.paper.seed1.reps1.jld2	Spielman_k400	cmg-v	1	0	7.723658800125122	99.04111194610596	106.76477074623108	51.0	6.245618129925801e-9
spielmanIPM.paper.seed1.reps1.jld2	Spielman_k500	ac	1	0	15.719429016113281	8.512044906616211	24.231473922729492	8.0	8.578944212223162e-10
spielmanIPM.paper.seed1.reps1.jld2	Spielman_k500	ac-s2m2	1	0	24.747375011444092	6.733011960983276	31.480386972427368	7.0	1.0370770372814434e-9
spielmanIPM.paper.seed1.reps1.jld2	Spielman_k500	cmg-k	1	0	14.244107961654663	150.70061087608337	164.94471883773804	56.0	8.631816094424654e-9
spielmanIPM.paper.seed1.reps1.jld2	Spielman_k500	cmg-v	1	0	13.942352056503296	213.21004605293274	227.15239810943604	60.0	7.891992640958951e-9
spielmanIPM.paper.seed1.reps1.jld2	Spielman_k600	ac	1	0	27.514770984649658	11.67711591720581	39.19188690185547	7.0	5.705412753962349e-9
spielmanIPM.paper.seed1.reps1.jld2	Spielman_k600	ac-s2m2	1	0	38.71223998069763	12.89655613899231	51.60879611968994	7.0	3.8395880845519465e-9
spielmanIPM.paper.seed1.reps1.jld2	Spielman_k600	cmg-k	1	0	24.586483001708984	275.14224314689636	299.72872614860535	57.0	9.79213424079564e-9
spielmanIPM.paper.seed1.reps1.jld2	Spielman_k600	cmg-v	1	0	23.998610019683838	408.79022192955017	432.788831949234	64.0	8.550743039539679e-9
suitesparse.paper.seed1.reps3.jld2	McRae/ecology1	ac	3	0	0.9443109035491943	1.1779139041900635	2.122224807739258	42.0	9.534464429138212e-9
suitesparse.paper.seed1.reps3.jld2	McRae/ecology1	ac-s2m2	3	0	2.467525005340576	0.8401279449462891	3.3348169326782227	25.0	7.521560357128757e-9
suitesparse.paper.seed1.reps3.jld2	McRae/ecology1	cmg-k	3	0	0.3477799892425537	1.092115879058838	1.4408249855041504	24.0	9.916576180538979e-9
suitesparse.paper.seed1.reps3.jld2	McRae/ecology1	cmg-v	3	0	0.3314640522003174	1.6672518253326416	1.9963488578796387	28.0	8.101145259433801e-9
suitesparse.paper.seed1.reps3.jld2	MaxPlanck/shallow_water2	ac	3	0	0.06110405921936035	0.03387594223022461	0.09498000144958496	15.0	5.018976121329465e-9
suitesparse.paper.seed1.reps3.jld2	MaxPlanck/shallow_water2	ac-s2m2	3	0	0.1076509952545166	0.02980208396911621	0.13774681091308594	13.0	5.934054896181992e-9
suitesparse.paper.seed1.reps3.jld2	MaxPlanck/shallow_water2	cmg-k	3	0	0.036830902099609375	0.03728008270263672	0.0741109848022461	16.0	5.470015979269325e-9
suitesparse.paper.seed1.reps3.jld2	MaxPlanck/shallow_water2	cmg-v	3	0	0.03508782386779785	0.03459882736206055	0.06970667839050293	15.0	5.896911559280183e-9
suitesparse.paper.seed1.reps3.jld2	GHS_psdef/torsion1	ac	3	0	0.030359983444213867	0.02212691307067871	0.05275106430053711	20.0	9.203557004523934e-9
suitesparse.paper.seed1.reps3.jld2	GHS_psdef/torsion1	ac-s2m2	3	0	0.06429100036621094	0.020344972610473633	0.08475899696350098	17.0	7.640632876136972e-9
suitesparse.paper.seed1.reps3.jld2	GHS_psdef/torsion1	cmg-k	3	0	0.01570582389831543	0.03504800796508789	0.05103278160095215	20.0	7.635142998717408e-9
suitesparse.paper.seed1.reps3.jld2	GHS_psdef/torsion1	cmg-v	3	0	0.015178918838500977	0.05428910255432129	0.0704798698425293	19.0	9.821871967905012e-9
suitesparse.paper.seed1.reps3.jld2	JGD_BIBD/bibd_81_2	ac	3	0	0.0009360313415527344	0.0001220703125	0.0010581016540527344	1.0	3.270979361002079e-15
suitesparse.paper.seed1.reps3.jld2	JGD_BIBD/bibd_81_2	ac-s2m2	3	0	0.0011229515075683594	0.00011801719665527344	0.0012409687042236328	1.0	3.270979361002079e-15
suitesparse.paper.seed1.reps3.jld2	JGD_BIBD/bibd_81_2	cmg-k	3	0	0.0010318756103515625	0.00012803077697753906	0.0011649131774902344	2.0	2.0116757856305258e-16
suitesparse.paper.seed1.reps3.jld2	JGD_BIBD/bibd_81_2	cmg-v	3	0	0.0010161399841308594	0.00011587142944335938	0.0011320114135742188	2.0	2.0116757856305258e-16
suitesparse.paper.seed1.reps3.jld2	Norris/fv3	ac	3	0	0.010907173156738281	0.008072137832641602	0.018960237503051758	23.0	8.698179106537667e-9
suitesparse.paper.seed1.reps3.jld2	Norris/fv3	ac-s2m2	3	0	0.022526979446411133	0.006356954574584961	0.028883934020996094	17.0	7.815083929336377e-9
suitesparse.paper.seed1.reps3.jld2	Norris/fv3	cmg-k	3	0	0.0047190189361572266	0.011523962020874023	0.01624298095703125	24.0	8.19801054080464e-9
suitesparse.paper.seed1.reps3.jld2	Norris/fv3	cmg-v	3	0	0.004415988922119141	0.015646934509277344	0.020062923431396484	23.0	9.38240875146589e-9
suitesparse.paper.seed1.reps3.jld2	GHS_psdef/obstclae	ac	3	0	0.0310060977935791	0.023356199264526367	0.05424809455871582	21.0	5.267505442288735e-9
suitesparse.paper.seed1.reps3.jld2	GHS_psdef/obstclae	ac-s2m2	3	0	0.06444597244262695	0.020425796508789062	0.08489704132080078	17.0	9.691354885578723e-9
suitesparse.paper.seed1.reps3.jld2	GHS_psdef/obstclae	cmg-k	3	0	0.015624046325683594	0.03487992286682129	0.050421714782714844	20.0	7.505672212466863e-9
suitesparse.paper.seed1.reps3.jld2	GHS_psdef/obstclae	cmg-v	3	0	0.015089035034179688	0.05406498908996582	0.07033419609069824	19.0	9.967017370894035e-9
suitesparse.paper.seed1.reps3.jld2	HB/nos7	ac	3	0	0.0007719993591308594	0.0005719661712646484	0.0013768672943115234	25.0	9.842432401121917e-9
suitesparse.paper.seed1.reps3.jld2	HB/nos7	ac-s2m2	3	0	0.0014259815216064453	0.0004429817199707031	0.0018839836120605469	18.0	8.612400345977435e-9
suitesparse.paper.seed1.reps3.jld2	HB/nos7	cmg-k	3	0	0.0005548000335693359	0.0005099773406982422	0.0010647773742675781	20.0	8.520373750742367e-9
suitesparse.paper.seed1.reps3.jld2	HB/nos7	cmg-v	3	0	0.0005249977111816406	0.000553131103515625	0.001081705093383789	20.0	8.520373840754358e-9
suitesparse.paper.seed1.reps3.jld2	HB/gr_30_30	ac	3	0	0.0010120868682861328	0.0005838871002197266	0.0016040802001953125	20.0	8.289262137934144e-9
suitesparse.paper.seed1.reps3.jld2	HB/gr_30_30	ac-s2m2	3	0	0.0019299983978271484	0.00045418739318847656	0.002397298812866211	14.0	8.598996660292563e-9
suitesparse.paper.seed1.reps3.jld2	HB/gr_30_30	cmg-k	3	0	0.0006489753723144531	0.0007457733154296875	0.0013947486877441406	22.0	8.355348124291076e-9
suitesparse.paper.seed1.reps3.jld2	HB/gr_30_30	cmg-v	3	0	0.0006279945373535156	0.0007841587066650391	0.0014071464538574219	22.0	8.355348128062534e-9
suitesparse.paper.seed1.reps3.jld2	HB/bcsstm23	ac	3	0	0.0009038448333740234	0.00011706352233886719	0.0010197162628173828	1.0	9.089170669494442e-16
suitesparse.paper.seed1.reps3.jld2	HB/bcsstm23	ac-s2m2	3	0	0.0010771751403808594	0.00011396408081054688	0.001194000244140625	1.0	9.089170669494442e-16
suitesparse.paper.seed1.reps3.jld2	HB/bcsstm23	cmg-k	3	0	0.0010199546813964844	0.0001220703125	0.0011420249938964844	2.0	4.543681617521157e-16
suitesparse.paper.seed1.reps3.jld2	HB/bcsstm23	cmg-v	3	0	0.001013040542602539	0.00011301040649414062	0.0011279582977294922	2.0	4.543681617521157e-16
suitesparse.paper.seed1.reps3.jld2	HB/bcsstm24	ac	3	0	0.0010340213775634766	0.0001239776611328125	0.0011610984802246094	1.0	5.1373367521355054e-15
suitesparse.paper.seed1.reps3.jld2	HB/bcsstm24	ac-s2m2	3	0	0.0012481212615966797	0.0001220703125	0.0013689994812011719	1.0	5.1373367521355054e-15
suitesparse.paper.seed1.reps3.jld2	HB/bcsstm24	cmg-k	3	0	0.001116037368774414	0.000148773193359375	0.001280069351196289	2.0	8.003003880125447e-16
suitesparse.paper.seed1.reps3.jld2	HB/bcsstm24	cmg-v	3	0	0.001110076904296875	0.0001289844512939453	0.0012369155883789062	2.0	8.003003880125447e-16
suitesparse.paper.seed1.reps3.jld2	HB/bcsstm21	ac	3	0	0.0010418891906738281	0.00012993812561035156	0.0011718273162841797	1.0	1.4234213704392939e-15
suitesparse.paper.seed1.reps3.jld2	HB/bcsstm21	ac-s2m2	3	0	0.0012309551239013672	0.0001270771026611328	0.0013561248779296875	1.0	1.4234213704392939e-15
suitesparse.paper.seed1.reps3.jld2	HB/bcsstm21	cmg-k	3	0	0.001157999038696289	0.00014781951904296875	0.0013058185577392578	2.0	3.5740471207985716e-16
suitesparse.paper.seed1.reps3.jld2	HB/bcsstm21	cmg-v	3	0	0.001130819320678711	0.0001308917999267578	0.0012617111206054688	2.0	3.5740471207985716e-16
suitesparse.paper.seed1.reps3.jld2	Norris/fv1	ac	3	0	0.010476112365722656	0.0051538944244384766	0.015630006790161133	15.0	9.015006685375308e-9
suitesparse.paper.seed1.reps3.jld2	Norris/fv1	ac-s2m2	3	0	0.019884109497070312	0.0045239925384521484	0.02440810203552246	12.0	5.339834906804995e-9
suitesparse.paper.seed1.reps3.jld2	Norris/fv1	cmg-k	3	0	0.0044519901275634766	0.0029230117797851562	0.007375001907348633	25.0	5.511485943326578e-9
suitesparse.paper.seed1.reps3.jld2	Norris/fv1	cmg-v	3	0	0.004287004470825195	0.003050088882446289	0.007337093353271484	25.0	5.511485943326578e-9
suitesparse.paper.seed1.reps3.jld2	HB/bcsstm08	ac	3	0	0.00036597251892089844	8.20159912109375e-5	0.00044798851013183594	1.0	1.3127501297752384e-15
suitesparse.paper.seed1.reps3.jld2	HB/bcsstm08	ac-s2m2	3	0	0.0004229545593261719	7.915496826171875e-5	0.0005059242248535156	1.0	1.3127501297752384e-15
suitesparse.paper.seed1.reps3.jld2	HB/bcsstm08	cmg-k	3	0	0.0003299713134765625	6.222724914550781e-5	0.000392913818359375	2.0	6.1109895136817245e-16
suitesparse.paper.seed1.reps3.jld2	HB/bcsstm08	cmg-v	3	0	0.0002918243408203125	5.793571472167969e-5	0.0003497600555419922	2.0	6.1109895136817245e-16
suitesparse.paper.seed1.reps3.jld2	HB/bcsstm09	ac	3	0	0.0003612041473388672	7.390975952148438e-5	0.00043511390686035156	1.0	1.6270156620707689e-15
suitesparse.paper.seed1.reps3.jld2	HB/bcsstm09	ac-s2m2	3	0	0.0004169940948486328	7.104873657226562e-5	0.0004889965057373047	1.0	1.6270156620707689e-15
suitesparse.paper.seed1.reps3.jld2	HB/bcsstm09	cmg-k	3	0	0.0004088878631591797	6.29425048828125e-5	0.0004718303680419922	2.0	1.7515334539047763e-16
suitesparse.paper.seed1.reps3.jld2	HB/bcsstm09	cmg-v	3	0	0.00038886070251464844	5.984306335449219e-5	0.0004489421844482422	2.0	1.7515334539047763e-16
suitesparse.paper.seed1.reps3.jld2	Boeing/bcsstm39	ac	3	0	0.01226806640625	0.0010211467742919922	0.013296127319335938	1.0	1.0204255541209468e-14
suitesparse.paper.seed1.reps3.jld2	Boeing/bcsstm39	ac-s2m2	3	0	0.015475988388061523	0.0010099411010742188	0.0164949893951416	1.0	1.0204255541209468e-14
suitesparse.paper.seed1.reps3.jld2	Boeing/bcsstm39	cmg-k	3	0	0.014788150787353516	0.0013599395751953125	0.016148090362548828	2.0	6.117656329278012e-16
suitesparse.paper.seed1.reps3.jld2	Boeing/bcsstm39	cmg-v	3	0	0.014132022857666016	0.0014660358428955078	0.01557302474975586	2.0	6.117656329278012e-16
suitesparse.paper.seed1.reps3.jld2	HB/bcsstm26	ac	3	0	0.0006082057952880859	0.00011610984802246094	0.0007243156433105469	1.0	1.0856951283924442e-15
suitesparse.paper.seed1.reps3.jld2	HB/bcsstm26	ac-s2m2	3	0	0.0007300376892089844	0.00011396408081054688	0.000843048095703125	1.0	1.0856951283924442e-15
suitesparse.paper.seed1.reps3.jld2	HB/bcsstm26	cmg-k	3	0	0.0006859302520751953	0.00011491775512695312	0.0007998943328857422	2.0	1.9633690695912478e-16
suitesparse.paper.seed1.reps3.jld2	HB/bcsstm26	cmg-v	3	0	0.0006721019744873047	0.00011205673217773438	0.0007851123809814453	2.0	1.9633690695912478e-16
suitesparse.paper.seed1.reps3.jld2	HB/bcsstm25	ac	3	0	0.003983974456787109	0.00037789344787597656	0.004361867904663086	1.0	3.2526916662659996e-15
suitesparse.paper.seed1.reps3.jld2	HB/bcsstm25	ac-s2m2	3	0	0.005096912384033203	0.00037598609924316406	0.005474090576171875	1.0	3.2526916662659996e-15
suitesparse.paper.seed1.reps3.jld2	HB/bcsstm25	cmg-k	3	0	0.004724025726318359	0.0004558563232421875	0.005179882049560547	2.0	2.852529329634118e-16
suitesparse.paper.seed1.reps3.jld2	HB/bcsstm25	cmg-v	3	0	0.0045659542083740234	0.00043892860412597656	0.005003929138183594	2.0	2.852529329634118e-16
suitesparse.paper.seed1.reps3.jld2	McRae/ecology2	ac	3	0	1.3933498859405518	1.1498448848724365	2.5128848552703857	42.0	9.521012811771394e-9
suitesparse.paper.seed1.reps3.jld2	McRae/ecology2	ac-s2m2	3	0	2.5469141006469727	0.8666307926177979	3.4135448932647705	26.0	6.831681978520869e-9
suitesparse.paper.seed1.reps3.jld2	McRae/ecology2	cmg-k	3	0	0.5632519721984863	1.1278810501098633	1.6911330223083496	25.0	8.154536654748221e-9
suitesparse.paper.seed1.reps3.jld2	McRae/ecology2	cmg-v	3	0	0.37778711318969727	1.7999870777130127	2.1873550415039062	27.0	9.953169767529084e-9
suitesparse.paper.seed1.reps3.jld2	Norris/fv2	ac	3	0	0.010339021682739258	0.004945993423461914	0.0155181884765625	14.0	9.832869185685184e-9
suitesparse.paper.seed1.reps3.jld2	Norris/fv2	ac-s2m2	3	0	0.020222902297973633	0.004575967788696289	0.024798870086669922	12.0	9.982843837657077e-9
suitesparse.paper.seed1.reps3.jld2	Norris/fv2	cmg-k	3	0	0.004644870758056641	0.0029540061950683594	0.007599830627441406	25.0	5.592544739765974e-9
suitesparse.paper.seed1.reps3.jld2	Norris/fv2	cmg-v	3	0	0.004418849945068359	0.003094911575317383	0.007515907287597656	25.0	5.592544739765974e-9
suitesparse.paper.seed1.reps3.jld2	Oberwolfach/t3dl_e	ac	3	0	0.0052258968353271484	0.0004448890686035156	0.005677938461303711	1.0	5.108599240642591e-15
suitesparse.paper.seed1.reps3.jld2	Oberwolfach/t3dl_e	ac-s2m2	3	0	0.006545066833496094	0.00044989585876464844	0.007012128829956055	1.0	5.108599240642591e-15
suitesparse.paper.seed1.reps3.jld2	Oberwolfach/t3dl_e	cmg-k	3	0	0.006198883056640625	0.0005819797515869141	0.0067827701568603516	2.0	9.449451027325337e-16
suitesparse.paper.seed1.reps3.jld2	Oberwolfach/t3dl_e	cmg-v	3	0	0.006099224090576172	0.0005619525909423828	0.006655216217041016	2.0	9.449451027325337e-16
suitesparse.paper.seed1.reps3.jld2	Gaertner/nopoly	ac	3	0	0.007111072540283203	0.00940704345703125	0.016518115997314453	28.0	8.497501915406017e-9
suitesparse.paper.seed1.reps3.jld2	Gaertner/nopoly	ac-s2m2	3	0	0.014430999755859375	0.006973981857299805	0.02121591567993164	20.0	9.101763887431246e-9
suitesparse.paper.seed1.reps3.jld2	Gaertner/nopoly	cmg-k	3	0	0.004959821701049805	0.010991096496582031	0.015950918197631836	30.0	9.872623655316427e-9
suitesparse.paper.seed1.reps3.jld2	Gaertner/nopoly	cmg-v	3	0	0.004793882369995117	0.018114805221557617	0.022912979125976562	29.0	8.250883447009592e-9
suitesparse.paper.seed1.reps3.jld2	Andrews/Andrews	ac	3	0	0.2762730121612549	0.07854700088500977	0.3594081401824951	16.0	8.143744768228755e-9
suitesparse.paper.seed1.reps3.jld2	Andrews/Andrews	ac-s2m2	3	0	0.6544311046600342	0.09072399139404297	0.7453172206878662	13.0	7.182984745461907e-9
suitesparse.paper.seed1.reps3.jld2	Andrews/Andrews	cmg-k	3	0	0.10673093795776367	0.16844511032104492	0.2752199172973633	18.0	8.741853925332341e-9
suitesparse.paper.seed1.reps3.jld2	Andrews/Andrews	cmg-v	3	0	0.10294985771179199	0.15869712829589844	0.2617828845977783	19.0	7.649818745661328e-9
suitesparse.paper.seed1.reps3.jld2	GHS_psdef/jnlbrng1	ac	3	0	0.031131982803344727	0.01878190040588379	0.04984903335571289	17.0	6.067383284398373e-9
suitesparse.paper.seed1.reps3.jld2	GHS_psdef/jnlbrng1	ac-s2m2	3	0	0.06736922264099121	0.015784025192260742	0.08315324783325195	13.0	9.130641898789743e-9
suitesparse.paper.seed1.reps3.jld2	GHS_psdef/jnlbrng1	cmg-k	3	0	0.015193939208984375	0.031466007232666016	0.04665994644165039	18.0	7.94479748443003e-9
suitesparse.paper.seed1.reps3.jld2	GHS_psdef/jnlbrng1	cmg-v	3	0	0.01470494270324707	0.0519411563873291	0.06664609909057617	18.0	8.837510748539955e-9
suitesparse.paper.seed1.reps3.jld2	Oberwolfach/t2dal_e	ac	3	0	0.0012040138244628906	0.00014495849609375	0.0013489723205566406	1.0	8.435262892593358e-16
suitesparse.paper.seed1.reps3.jld2	Oberwolfach/t2dal_e	ac-s2m2	3	0	0.0014429092407226562	0.00014281272888183594	0.0015888214111328125	1.0	8.435262892593358e-16
suitesparse.paper.seed1.reps3.jld2	Oberwolfach/t2dal_e	cmg-k	3	0	0.0013110637664794922	0.00017499923706054688	0.0014781951904296875	2.0	4.216710803140515e-16
suitesparse.paper.seed1.reps3.jld2	Oberwolfach/t2dal_e	cmg-v	3	0	0.0013439655303955078	0.00015401840209960938	0.0014989376068115234	2.0	4.216710803140515e-16
suitesparse.paper.seed1.reps3.jld2	MaxPlanck/shallow_water1	ac	3	0	0.05560493469238281	0.022195816040039062	0.07988429069519043	10.0	8.53901870348702e-9
suitesparse.paper.seed1.reps3.jld2	MaxPlanck/shallow_water1	ac-s2m2	3	0	0.09608912467956543	0.020926952362060547	0.11706018447875977	9.0	6.109374710202756e-9
suitesparse.paper.seed1.reps3.jld2	MaxPlanck/shallow_water1	cmg-k	3	0	0.031913042068481445	0.014534950256347656	0.0464479923248291	18.0	5.83761390578309e-10
suitesparse.paper.seed1.reps3.jld2	MaxPlanck/shallow_water1	cmg-v	3	0	0.0315699577331543	0.015231132507324219	0.04661726951599121	18.0	5.83761390578309e-10
suitesparse.paper.seed1.reps3.jld2	HB/nos6	ac	3	0	0.000492095947265625	0.0004379749298095703	0.0009319782257080078	22.0	8.200723571635085e-9
suitesparse.paper.seed1.reps3.jld2	HB/nos6	ac-s2m2	3	0	0.0007548332214355469	0.0003650188446044922	0.0011191368103027344	19.0	5.30145757856159e-9
suitesparse.paper.seed1.reps3.jld2	HB/nos6	cmg-k	3	0	0.0003490447998046875	0.0004780292510986328	0.0008270740509033203	23.0	9.41279890133007e-9
suitesparse.paper.seed1.reps3.jld2	HB/nos6	cmg-v	3	0	0.00033092498779296875	0.0005519390106201172	0.0008828639984130859	23.0	9.412798883076614e-9
suitesparse.paper.seed1.reps3.jld2	GHS_psdef/apache1	ac	3	0	0.09845495223999023	0.0581820011138916	0.15663695335388184	21.0	9.357496528447769e-9
suitesparse.paper.seed1.reps3.jld2	GHS_psdef/apache1	ac-s2m2	3	0	0.23288607597351074	0.04959416389465332	0.28248095512390137	15.0	7.481326897829823e-9
suitesparse.paper.seed1.reps3.jld2	GHS_psdef/apache1	cmg-k	3	0	0.03394889831542969	0.06494379043579102	0.0988926887512207	18.0	9.789922475468338e-9
suitesparse.paper.seed1.reps3.jld2	GHS_psdef/apache1	cmg-v	3	0	0.0326690673828125	0.08010101318359375	0.1127769947052002	17.0	9.016121241611025e-9
suitesparse.paper.seed1.reps3.jld2	HB/bcsstm11	ac	3	0	0.0004601478576660156	9.298324584960938e-5	0.000553131103515625	1.0	1.9417834290662734e-15
suitesparse.paper.seed1.reps3.jld2	HB/bcsstm11	ac-s2m2	3	0	0.0005369186401367188	9.608268737792969e-5	0.0006399154663085938	1.0	1.9417834290662734e-15
suitesparse.paper.seed1.reps3.jld2	HB/bcsstm11	cmg-k	3	0	0.0005128383636474609	8.797645568847656e-5	0.0006008148193359375	2.0	2.6183322948158375e-16
suitesparse.paper.seed1.reps3.jld2	HB/bcsstm11	cmg-v	3	0	0.0004949569702148438	8.606910705566406e-5	0.0005810260772705078	2.0	2.6183322948158375e-16
suitesparse.smoke.seed1.reps2.jld2	McRae/ecology1	ac	2	0	1.0420515537261963	1.1931450366973877	2.235196590423584	42.0	9.534464429138212e-9
suitesparse.smoke.seed1.reps2.jld2	McRae/ecology1	ac-s2m2	2	0	2.4626654386520386	0.8504219055175781	3.3130873441696167	25.0	7.521560357128757e-9
suitesparse.smoke.seed1.reps2.jld2	McRae/ecology1	cmg-k	2	0	0.43234753608703613	1.0973604917526245	1.5297080278396606	24.0	9.916576180538979e-9
suitesparse.smoke.seed1.reps2.jld2	McRae/ecology1	cmg-v	2	0	0.3107149600982666	1.6754355430603027	1.9861505031585693	27.5	8.101145259433801e-9
uni_bndry_chimera.n1e4.seed1.reps2.jld2	uni_bndry_chimera(10000,1001)	ac	1	0	0.01564788818359375	0.013965129852294922	0.029613018035888672	22.0	5.758172628058425e-9
uni_bndry_chimera.n1e4.seed1.reps2.jld2	uni_bndry_chimera(10000,1001)	ac-s2m2	1	0	0.025272130966186523	0.013590097427368164	0.03886222839355469	18.0	6.671006287580187e-9
uni_bndry_chimera.n1e4.seed1.reps2.jld2	uni_bndry_chimera(10000,1001)	cmg-k	1	0	0.011505842208862305	0.03014206886291504	0.041647911071777344	27.0	6.1926096323980714e-9
uni_bndry_chimera.n1e4.seed1.reps2.jld2	uni_bndry_chimera(10000,1001)	cmg-v	1	0	0.011097908020019531	0.033822059631347656	0.04491996765136719	35.0	7.283244841273455e-9
uni_bndry_chimera.n1e4.seed1.reps2.jld2	uni_bndry_chimera(10000,1002)	ac	1	0	0.03822016716003418	0.024825096130371094	0.06304526329040527	19.0	5.408745824055802e-9
uni_bndry_chimera.n1e4.seed1.reps2.jld2	uni_bndry_chimera(10000,1002)	ac-s2m2	1	0	0.0738530158996582	0.022816181182861328	0.09666919708251953	15.0	8.33656287061441e-9
uni_bndry_chimera.n1e4.seed1.reps2.jld2	uni_bndry_chimera(10000,1002)	cmg-k	1	0	0.01903700828552246	0.04943394660949707	0.06847095489501953	25.0	5.088110015748905e-9
uni_bndry_chimera.n1e4.seed1.reps2.jld2	uni_bndry_chimera(10000,1002)	cmg-v	1	0	0.018507003784179688	0.04949021339416504	0.06799721717834473	24.0	8.95284158591146e-9
uni_bndry_chimera.n1e4.seed1.reps3.jld2	uni_bndry_chimera(10000,1001)	ac	1	0	0.007139921188354492	0.004694938659667969	0.011834859848022461	22.0	5.758172628058425e-9
uni_bndry_chimera.n1e4.seed1.reps3.jld2	uni_bndry_chimera(10000,1001)	ac-s2m2	1	0	0.010750055313110352	0.004862070083618164	0.015612125396728516	18.0	6.671006287580187e-9
uni_bndry_chimera.n1e4.seed1.reps3.jld2	uni_bndry_chimera(10000,1001)	cmg-k	1	0	0.005579948425292969	0.009073972702026367	0.014653921127319336	27.0	6.1926096323980714e-9
uni_bndry_chimera.n1e4.seed1.reps3.jld2	uni_bndry_chimera(10000,1001)	cmg-v	1	0	0.0053179264068603516	0.010574817657470703	0.015892744064331055	35.0	7.283244841273455e-9
uni_bndry_chimera.n1e4.seed1.reps3.jld2	uni_bndry_chimera(10000,1002)	ac	1	0	0.021506071090698242	0.008948802947998047	0.03045487403869629	19.0	5.408745824055802e-9
uni_bndry_chimera.n1e4.seed1.reps3.jld2	uni_bndry_chimera(10000,1002)	ac-s2m2	1	0	0.03294491767883301	0.007975101470947266	0.04092001914978027	15.0	8.33656287061441e-9
uni_bndry_chimera.n1e4.seed1.reps3.jld2	uni_bndry_chimera(10000,1002)	cmg-k	1	0	0.009788036346435547	0.016166210174560547	0.025954246520996094	25.0	5.088110015748905e-9
uni_bndry_chimera.n1e4.seed1.reps3.jld2	uni_bndry_chimera(10000,1002)	cmg-v	1	0	0.009073972702026367	0.017452001571655273	0.02652597427368164	24.0	8.95284158591146e-9
uni_bndry_chimera.n1e4.seed1.reps3.jld2	uni_bndry_chimera(10000,1003)	ac	1	0	0.0055119991302490234	0.00347900390625	0.008991003036499023	17.0	8.970281133977622e-9
uni_bndry_chimera.n1e4.seed1.reps3.jld2	uni_bndry_chimera(10000,1003)	ac-s2m2	1	0	0.007679939270019531	0.003030061721801758	0.010710000991821289	14.0	5.441170548639707e-9
uni_bndry_chimera.n1e4.seed1.reps3.jld2	uni_bndry_chimera(10000,1003)	cmg-k	1	0	0.005155086517333984	0.012588977813720703	0.017744064331054688	33.0	6.557159947950417e-9
uni_bndry_chimera.n1e4.seed1.reps3.jld2	uni_bndry_chimera(10000,1003)	cmg-v	1	0	0.005502939224243164	0.0144500732421875	0.019953012466430664	31.0	6.003213208936343e-9
uni_bndry_chimera.n1e5.seed1.reps3.jld2	uni_bndry_chimera(100000,1001)	ac	1	0	0.11095786094665527	0.04811501502990723	0.1590728759765625	18.0	5.432286909431174e-9
uni_bndry_chimera.n1e5.seed1.reps3.jld2	uni_bndry_chimera(100000,1001)	ac-s2m2	1	0	0.1787419319152832	0.041934967041015625	0.22067689895629883	14.0	8.342586216866133e-9
uni_bndry_chimera.n1e5.seed1.reps3.jld2	uni_bndry_chimera(100000,1001)	cmg-k	1	0	0.06472587585449219	0.2392737865447998	0.303999662399292	38.0	7.982876009836444e-9
uni_bndry_chimera.n1e5.seed1.reps3.jld2	uni_bndry_chimera(100000,1001)	cmg-v	1	0	0.060465097427368164	0.30690693855285645	0.3673720359802246	40.0	7.650464561403322e-9
uni_bndry_chimera.n1e5.seed1.reps3.jld2	uni_bndry_chimera(100000,1002)	ac	1	0	0.06251406669616699	0.003034830093383789	0.06554889678955078	1.0	4.1858238328566696e-16
uni_bndry_chimera.n1e5.seed1.reps3.jld2	uni_bndry_chimera(100000,1002)	ac-s2m2	1	0	0.07445597648620605	0.0028548240661621094	0.07731080055236816	1.0	4.684463236704574e-16
uni_bndry_chimera.n1e5.seed1.reps3.jld2	uni_bndry_chimera(100000,1002)	cmg-k	1	0	0.05342912673950195	0.13137006759643555	0.1847991943359375	35.0	7.669661679287818e-9
uni_bndry_chimera.n1e5.seed1.reps3.jld2	uni_bndry_chimera(100000,1002)	cmg-v	1	0	0.05664396286010742	0.24633407592773438	0.3029780387878418	46.0	9.275772467821773e-9
uni_bndry_chimera.n1e5.seed1.reps3.jld2	uni_bndry_chimera(100000,1003)	ac	1	0	0.1135261058807373	0.10060787200927734	0.21413397789001465	28.0	7.890839244038662e-9
uni_bndry_chimera.n1e5.seed1.reps3.jld2	uni_bndry_chimera(100000,1003)	ac-s2m2	1	0	0.18291187286376953	0.08998298645019531	0.27289485931396484	25.0	8.06886124519695e-9
uni_bndry_chimera.n1e5.seed1.reps3.jld2	uni_bndry_chimera(100000,1003)	cmg-k	1	0	0.07636189460754395	0.18228697776794434	0.2586488723754883	35.0	9.701970896023209e-9
uni_bndry_chimera.n1e5.seed1.reps3.jld2	uni_bndry_chimera(100000,1003)	cmg-v	1	0	0.07533884048461914	0.404796838760376	0.4801356792449951	33.0	9.578710860008264e-9
uni_bndry_chimera.n1e6.seed1.reps3.jld2	uni_bndry_chimera(1000000,1001)	ac	1	0	10.130827188491821	2.2771430015563965	12.407970190048218	20.0	5.008551547298539e-9
uni_bndry_chimera.n1e6.seed1.reps3.jld2	uni_bndry_chimera(1000000,1001)	ac-s2m2	1	0	17.533658027648926	2.4306299686431885	19.964287996292114	15.0	5.0399584058020085e-9
uni_bndry_chimera.n1e6.seed1.reps3.jld2	uni_bndry_chimera(1000000,1001)	cmg-k	1	0	3.0195040702819824	9.331620216369629	12.351124286651611	47.0	9.458921439092867e-9
uni_bndry_chimera.n1e6.seed1.reps3.jld2	uni_bndry_chimera(1000000,1001)	cmg-v	1	0	3.03229022026062	7.418472051620483	10.450762271881104	43.0	9.46701999318832e-9
uni_bndry_chimera.n1e6.seed1.reps3.jld2	uni_bndry_chimera(1000000,1002)	ac	1	0	0.8086769580841064	0.3622322082519531	1.1709091663360596	15.0	7.326567971291017e-9
uni_bndry_chimera.n1e6.seed1.reps3.jld2	uni_bndry_chimera(1000000,1002)	ac-s2m2	1	0	1.0739588737487793	0.3045990467071533	1.3785579204559326	13.0	5.696234117157291e-9
uni_bndry_chimera.n1e6.seed1.reps3.jld2	uni_bndry_chimera(1000000,1002)	cmg-k	1	0	0.8432481288909912	2.999243974685669	3.84249210357666	48.0	7.741588125801305e-9
uni_bndry_chimera.n1e6.seed1.reps3.jld2	uni_bndry_chimera(1000000,1002)	cmg-v	1	0	0.7026700973510742	4.460490942001343	5.163161039352417	46.0	8.498637484933933e-9
uni_bndry_chimera.n1e6.seed1.reps3.jld2	uni_bndry_chimera(1000000,1003)	ac	1	0	3.8695249557495117	1.9739420413970947	5.8434669971466064	34.0	5.740422480431037e-9
uni_bndry_chimera.n1e6.seed1.reps3.jld2	uni_bndry_chimera(1000000,1003)	ac-s2m2	1	0	5.375922203063965	1.255699872970581	6.631622076034546	20.0	7.559598653032113e-9
uni_bndry_chimera.n1e6.seed1.reps3.jld2	uni_bndry_chimera(1000000,1003)	cmg-k	1	0	1.799130916595459	4.848067998886108	6.647198915481567	44.0	8.15909261033564e-9
uni_bndry_chimera.n1e6.seed1.reps3.jld2	uni_bndry_chimera(1000000,1003)	cmg-v	1	0	1.748795986175537	4.751816034317017	6.500612020492554	40.0	7.488927149738989e-9
uni_bndry_chimera.n1e7.seed1.reps3.jld2	uni_bndry_chimera(10000000,1001)	ac	1	0	49.648337841033936	54.66252112388611	104.31085896492004	26.0	6.153300595680932e-9
uni_bndry_chimera.n1e7.seed1.reps3.jld2	uni_bndry_chimera(10000000,1001)	ac-s2m2	1	0	98.42634987831116	38.8537700176239	137.28011989593506	18.0	9.202703082255116e-9
uni_bndry_chimera.n1e7.seed1.reps3.jld2	uni_bndry_chimera(10000000,1001)	cmg-k	1	0	39.847779989242554	75.20388412475586	115.05166411399841	28.0	9.180699699435128e-9
uni_bndry_chimera.n1e7.seed1.reps3.jld2	uni_bndry_chimera(10000000,1001)	cmg-v	1	0	40.259400844573975	68.55279898643494	108.81219983100891	32.0	8.474605402446989e-9
uni_bndry_chimera.n1e7.seed1.reps3.jld2	uni_bndry_chimera(10000000,1002)	ac	1	0	92.8141770362854	54.63193893432617	147.44611597061157	27.0	5.935284643037194e-9
uni_bndry_chimera.n1e7.seed1.reps3.jld2	uni_bndry_chimera(10000000,1002)	ac-s2m2	1	0	148.83827090263367	62.489721059799194	211.32799196243286	20.0	8.185403575375215e-9
uni_bndry_chimera.n1e7.seed1.reps3.jld2	uni_bndry_chimera(10000000,1002)	cmg-k	1	0	40.50097608566284	105.97812104225159	146.47909712791443	30.0	7.29621150363144e-9
uni_bndry_chimera.n1e7.seed1.reps3.jld2	uni_bndry_chimera(10000000,1002)	cmg-v	1	0	47.05813002586365	91.35692191123962	138.41505193710327	33.0	7.81373231905046e-9
uni_bndry_chimera.n1e7.seed1.reps3.jld2	uni_bndry_chimera(10000000,1003)	ac	1	0	50.65835213661194	43.74410104751587	94.40245318412781	35.0	7.382422587756399e-9
uni_bndry_chimera.n1e7.seed1.reps3.jld2	uni_bndry_chimera(10000000,1003)	ac-s2m2	1	0	78.83613014221191	40.51207399368286	119.34820413589478	22.0	7.624590314805665e-9
uni_bndry_chimera.n1e7.seed1.reps3.jld2	uni_bndry_chimera(10000000,1003)	cmg-k	1	0	28.09079909324646	95.45043087005615	123.54122996330261	47.0	9.682835120646933e-9
uni_bndry_chimera.n1e7.seed1.reps3.jld2	uni_bndry_chimera(10000000,1003)	cmg-v	1	0	27.764463186264038	80.66382908821106	108.4282922744751	48.0	8.449845651473979e-9
uni_chimera.n1e4.seed1.reps2.jld2	uni_chimera(10000,1001)	ac	1	0	0.006540060043334961	0.006834983825683594	0.013375043869018555	26.0	6.0609590930795066e-9
uni_chimera.n1e4.seed1.reps2.jld2	uni_chimera(10000,1001)	ac-s2m2	1	0	0.014996051788330078	0.0064389705657958984	0.021435022354125977	20.0	4.750044545427648e-9
uni_chimera.n1e4.seed1.reps2.jld2	uni_chimera(10000,1001)	cmg-k	1	0	0.005934953689575195	0.009505033493041992	0.015439987182617188	26.0	9.110528374752702e-9
uni_chimera.n1e4.seed1.reps2.jld2	uni_chimera(10000,1001)	cmg-v	1	0	0.005571842193603516	0.012918949127197266	0.01849079132080078	36.0	9.151195857254224e-9
uni_chimera.n1e4.seed1.reps2.jld2	uni_chimera(10000,1002)	ac	1	0	0.020197153091430664	0.011731147766113281	0.031928300857543945	21.0	9.16121829587142e-9
uni_chimera.n1e4.seed1.reps2.jld2	uni_chimera(10000,1002)	ac-s2m2	1	0	0.04341602325439453	0.010673999786376953	0.054090023040771484	16.0	9.377483010324106e-9
uni_chimera.n1e4.seed1.reps2.jld2	uni_chimera(10000,1002)	cmg-k	1	0	0.010465860366821289	0.021502017974853516	0.031967878341674805	28.0	6.681516879232199e-9
uni_chimera.n1e4.seed1.reps2.jld2	uni_chimera(10000,1002)	cmg-v	1	0	0.009480953216552734	0.022736787796020508	0.03221774101257324	32.0	5.8233119142274706e-9
uni_chimera.n1e4.seed1.reps3.jld2	uni_chimera(10000,1001)	ac	1	0	0.006663084030151367	0.006836891174316406	0.013499975204467773	26.0	6.0609590930795066e-9
uni_chimera.n1e4.seed1.reps3.jld2	uni_chimera(10000,1001)	ac-s2m2	1	0	0.015555858612060547	0.006484031677246094	0.02203989028930664	20.0	4.750044545427648e-9
uni_chimera.n1e4.seed1.reps3.jld2	uni_chimera(10000,1001)	cmg-k	1	0	0.005846977233886719	0.009637117385864258	0.015484094619750977	26.0	9.110528374752702e-9
uni_chimera.n1e4.seed1.reps3.jld2	uni_chimera(10000,1001)	cmg-v	1	0	0.00562596321105957	0.012866020202636719	0.01849198341369629	36.0	9.151195857254224e-9
uni_chimera.n1e4.seed1.reps3.jld2	uni_chimera(10000,1002)	ac	1	0	0.020276784896850586	0.011507034301757812	0.0317838191986084	21.0	9.16121829587142e-9
uni_chimera.n1e4.seed1.reps3.jld2	uni_chimera(10000,1002)	ac-s2m2	1	0	0.04503512382507324	0.010832071304321289	0.05586719512939453	16.0	9.377483010324106e-9
uni_chimera.n1e4.seed1.reps3.jld2	uni_chimera(10000,1002)	cmg-k	1	0	0.011039018630981445	0.021453142166137695	0.03249216079711914	28.0	6.681516879232199e-9
uni_chimera.n1e4.seed1.reps3.jld2	uni_chimera(10000,1002)	cmg-v	1	0	0.009943962097167969	0.023296833038330078	0.03324079513549805	32.0	5.8233119142274706e-9
uni_chimera.n1e4.seed1.reps3.jld2	uni_chimera(10000,1003)	ac	1	0	0.003420114517211914	0.004491090774536133	0.007911205291748047	21.0	8.516116062250935e-9
uni_chimera.n1e4.seed1.reps3.jld2	uni_chimera(10000,1003)	ac-s2m2	1	0	0.006072998046875	0.003612041473388672	0.009685039520263672	16.0	4.900889219955281e-9
uni_chimera.n1e4.seed1.reps3.jld2	uni_chimera(10000,1003)	cmg-k	1	0	0.0052568912506103516	0.013350963592529297	0.01860785484313965	33.0	9.940914715850971e-9
uni_chimera.n1e4.seed1.reps3.jld2	uni_chimera(10000,1003)	cmg-v	1	0	0.004436016082763672	0.017077922821044922	0.021513938903808594	33.0	8.618124103663776e-9
uni_chimera.n1e5.seed1.reps3.jld2	uni_chimera(100000,1001)	ac	1	0	0.07507705688476562	0.06242489814758301	0.13750195503234863	20.0	4.949994611230225e-9
uni_chimera.n1e5.seed1.reps3.jld2	uni_chimera(100000,1001)	ac-s2m2	1	0	0.13382387161254883	0.050692081451416016	0.18451595306396484	16.0	4.227673683002101e-9
uni_chimera.n1e5.seed1.reps3.jld2	uni_chimera(100000,1001)	cmg-k	1	0	0.07469701766967773	0.31845593452453613	0.39315295219421387	41.0	8.189680328195682e-9
uni_chimera.n1e5.seed1.reps3.jld2	uni_chimera(100000,1001)	cmg-v	1	0	0.0677499771118164	0.3988468647003174	0.4665968418121338	51.0	8.263985466717265e-9
uni_chimera.n1e5.seed1.reps3.jld2	uni_chimera(100000,1002)	ac	1	0	0.03221297264099121	0.0031859874725341797	0.03539896011352539	1.0	1.168628750398922e-16
uni_chimera.n1e5.seed1.reps3.jld2	uni_chimera(100000,1002)	ac-s2m2	1	0	0.05040717124938965	0.0031540393829345703	0.05356121063232422	1.0	1.1053066822499862e-16
uni_chimera.n1e5.seed1.reps3.jld2	uni_chimera(100000,1002)	cmg-k	1	0	0.0460970401763916	0.14241600036621094	0.18851304054260254	36.0	6.422900600184112e-9
uni_chimera.n1e5.seed1.reps3.jld2	uni_chimera(100000,1002)	cmg-v	1	0	0.04486203193664551	0.31401991844177246	0.35888195037841797	69.0	9.463447156765556e-9
uni_chimera.n1e5.seed1.reps3.jld2	uni_chimera(100000,1003)	ac	1	0	0.07176780700683594	0.13025903701782227	0.2020268440246582	34.0	7.188562796731451e-9
uni_chimera.n1e5.seed1.reps3.jld2	uni_chimera(100000,1003)	ac-s2m2	1	0	0.19397187232971191	0.11483907699584961	0.3088109493255615	30.0	8.567408131836752e-9
uni_chimera.n1e5.seed1.reps3.jld2	uni_chimera(100000,1003)	cmg-k	1	0	0.05904984474182129	0.19226694107055664	0.25131678581237793	38.0	6.818801701992093e-9
uni_chimera.n1e5.seed1.reps3.jld2	uni_chimera(100000,1003)	cmg-v	1	0	0.05707287788391113	0.442080020904541	0.49915289878845215	36.0	6.633624406186413e-9
uni_chimera.n1e6.seed1.reps3.jld2	uni_chimera(1000000,1001)	ac	1	0	11.9807448387146	2.796211004257202	14.776955842971802	20.0	5.489341214320565e-9
uni_chimera.n1e6.seed1.reps3.jld2	uni_chimera(1000000,1001)	ac-s2m2	1	0	25.133028984069824	3.212675094604492	28.345704078674316	15.0	4.920394574077213e-9
uni_chimera.n1e6.seed1.reps3.jld2	uni_chimera(1000000,1001)	cmg-k	1	0	2.9973208904266357	9.376029968261719	12.373350858688354	45.0	9.859966582464853e-9
uni_chimera.n1e6.seed1.reps3.jld2	uni_chimera(1000000,1001)	cmg-v	1	0	2.9382619857788086	9.04555606842041	11.983818054199219	49.0	9.236913636798785e-9
uni_chimera.n1e6.seed1.reps3.jld2	uni_chimera(1000000,1002)	ac	1	0	0.5411570072174072	0.24207615852355957	0.7832331657409668	10.0	7.056069494399243e-9
uni_chimera.n1e6.seed1.reps3.jld2	uni_chimera(1000000,1002)	ac-s2m2	1	0	0.6746060848236084	0.1882481575012207	0.8628542423248291	8.0	8.701884387652603e-9
uni_chimera.n1e6.seed1.reps3.jld2	uni_chimera(1000000,1002)	cmg-k	1	0	0.6636860370635986	3.8629279136657715	4.52661395072937	56.0	9.644589088700325e-9
uni_chimera.n1e6.seed1.reps3.jld2	uni_chimera(1000000,1002)	cmg-v	1	0	0.7929010391235352	5.411885023117065	6.204786062240601	53.0	9.750582790715475e-9
uni_chimera.n1e6.seed1.reps3.jld2	uni_chimera(1000000,1003)	ac	1	0	2.6626410484313965	2.2728099822998047	4.935451030731201	36.0	8.772095540988644e-9
uni_chimera.n1e6.seed1.reps3.jld2	uni_chimera(1000000,1003)	ac-s2m2	1	0	4.789283990859985	1.4145839214324951	6.2038679122924805	21.0	7.38137123739662e-9
uni_chimera.n1e6.seed1.reps3.jld2	uni_chimera(1000000,1003)	cmg-k	1	0	1.562690019607544	5.310263156890869	6.872953176498413	47.0	7.996876367833891e-9
uni_chimera.n1e6.seed1.reps3.jld2	uni_chimera(1000000,1003)	cmg-v	1	0	1.5242929458618164	4.7308080196380615	6.255100965499878	42.0	8.219495678808486e-9
uni_chimera.n1e7.seed1.reps3.jld2	uni_chimera(10000000,1001)	ac	1	0	43.68036413192749	40.66539001464844	84.34575414657593	26.0	6.875289514501196e-9
uni_chimera.n1e7.seed1.reps3.jld2	uni_chimera(10000000,1001)	ac-s2m2	1	0	79.97469997406006	34.19731402397156	114.17201399803162	19.0	8.615955728365557e-9
uni_chimera.n1e7.seed1.reps3.jld2	uni_chimera(10000000,1001)	cmg-k	1	0	24.28081202507019	66.76749396324158	91.04830598831177	32.0	6.255697018194188e-9
uni_chimera.n1e7.seed1.reps3.jld2	uni_chimera(10000000,1001)	cmg-v	1	0	23.87551212310791	87.45102286338806	111.32653498649597	45.0	8.963659290994628e-9
uni_chimera.n1e7.seed1.reps3.jld2	uni_chimera(10000000,1002)	ac	1	0	71.65689206123352	54.42703294754028	126.0839250087738	28.0	6.687307824066646e-9
uni_chimera.n1e7.seed1.reps3.jld2	uni_chimera(10000000,1002)	ac-s2m2	1	0	171.58201217651367	53.70314693450928	225.28515911102295	21.0	7.563200694699055e-9
uni_chimera.n1e7.seed1.reps3.jld2	uni_chimera(10000000,1002)	cmg-k	1	0	32.040103912353516	93.73168992996216	125.77179384231567	28.0	7.488329535451136e-9
uni_chimera.n1e7.seed1.reps3.jld2	uni_chimera(10000000,1002)	cmg-v	1	0	31.34075903892517	85.32138085365295	116.66213989257812	31.0	7.395149677530113e-9
uni_chimera.n1e7.seed1.reps3.jld2	uni_chimera(10000000,1003)	ac	1	0	38.16094183921814	60.79215884208679	98.95310068130493	52.0	8.435701758649222e-9
uni_chimera.n1e7.seed1.reps3.jld2	uni_chimera(10000000,1003)	ac-s2m2	1	0	67.32418203353882	43.21037697792053	110.53455901145935	31.0	6.70222972915111e-9
uni_chimera.n1e7.seed1.reps3.jld2	uni_chimera(10000000,1003)	cmg-k	1	0	17.632758140563965	87.58495116233826	105.21770930290222	53.0	8.497717913383783e-9
uni_chimera.n1e7.seed1.reps3.jld2	uni_chimera(10000000,1003)	cmg-v	1	0	17.61080813407898	89.7034969329834	107.31430506706238	53.0	8.090395196158848e-9
uniform_grid.paper.seed1.reps3.jld2	uniform_grid_sddm(2.0e6)	ac	3	0	0.7812600135803223	0.35643601417541504	1.1374249458312988	24.0	6.720357007802679e-9
uniform_grid.paper.seed1.reps3.jld2	uniform_grid_sddm(2.0e6)	ac-s2m2	3	0	1.873302936553955	0.35925984382629395	2.2129459381103516	18.0	7.027325130252682e-9
uniform_grid.paper.seed1.reps3.jld2	uniform_grid_sddm(2.0e6)	cmg-k	3	0	0.14838886260986328	0.5300519466400146	0.6820290088653564	28.0	9.55535577485661e-9
uniform_grid.paper.seed1.reps3.jld2	uniform_grid_sddm(2.0e6)	cmg-v	3	0	0.14557600021362305	0.5998830795288086	0.7454590797424316	27.0	7.687838284817089e-9
uniform_grid.paper.seed1.reps3.jld2	uniform_grid_sddm(2.0e7)	ac	3	0	10.835147142410278	5.894086122512817	16.264947175979614	25.0	9.831476983845936e-9
uniform_grid.paper.seed1.reps3.jld2	uniform_grid_sddm(2.0e7)	ac-s2m2	3	0	23.829383850097656	6.162369012832642	29.64313292503357	19.0	7.707944043763672e-9
uniform_grid.paper.seed1.reps3.jld2	uniform_grid_sddm(2.0e7)	cmg-k	3	0	2.152099847793579	7.198192119598389	9.786638975143433	28.0	9.437108319920377e-9
uniform_grid.paper.seed1.reps3.jld2	uniform_grid_sddm(2.0e7)	cmg-v	3	0	2.2481510639190674	7.899675130844116	10.161047220230103	27.0	9.409956881147279e-9
uniform_grid.paper.seed1.reps3.jld2	uniform_grid_sddm(2.0e8)	ac	3	0	130.00703692436218	90.79336810112	216.4428629875183	27.0	7.630694226007987e-9
uniform_grid.paper.seed1.reps3.jld2	uniform_grid_sddm(2.0e8)	ac-s2m2	3	0	316.6204249858856	98.62706208229065	415.24748706817627	20.0	9.000097135421211e-9
uniform_grid.paper.seed1.reps3.jld2	uniform_grid_sddm(2.0e8)	cmg-k	3	0	19.411627054214478	70.34728503227234	89.75891208648682	30.0	5.7712987717403415e-9
uniform_grid.paper.seed1.reps3.jld2	uniform_grid_sddm(2.0e8)	cmg-v	3	0	17.888691186904907	88.62889385223389	106.5175850391388	28.0	5.8966373093185e-9
uniform_grid.smoke.seed1.reps2.jld2	uniform_grid_sddm(200000.0)	ac	2	0	0.04738199710845947	0.0229189395904541	0.07030093669891357	22.0	8.060261520947245e-9
uniform_grid.smoke.seed1.reps2.jld2	uniform_grid_sddm(200000.0)	ac-s2m2	2	0	0.09220802783966064	0.02158808708190918	0.11379611492156982	17.0	6.268059455717427e-9
uniform_grid.smoke.seed1.reps2.jld2	uniform_grid_sddm(200000.0)	cmg-k	2	0	0.014195084571838379	0.03523612022399902	0.0494312047958374	26.5	9.459749324752843e-9
uniform_grid.smoke.seed1.reps2.jld2	uniform_grid_sddm(200000.0)	cmg-v	2	0	0.01433253288269043	0.05446350574493408	0.06879603862762451	25.0	9.498562994120873e-9
wgrid.paper.seed1.reps3.jld2	wgrid_sddm(2.0e8, 0.001)	ac	3	0	233.91650199890137	209.27071619033813	423.39616894721985	39.0	7.458658291326888e-9
wgrid.paper.seed1.reps3.jld2	wgrid_sddm(2.0e8, 0.001)	ac-s2m2	3	0	320.0240898132324	173.23431420326233	490.6907379627228	25.0	9.67253445201674e-9
wgrid.paper.seed1.reps3.jld2	wgrid_sddm(2.0e8, 0.001)	cmg-k	3	0	23.433661937713623	78.45138001441956	101.88504195213318	26.0	9.67623769072367e-9
wgrid.paper.seed1.reps3.jld2	wgrid_sddm(2.0e8, 0.001)	cmg-v	3	0	23.41155219078064	97.52271509170532	119.87333631515503	28.0	6.373509595192321e-9
wgrid.paper.seed1.reps3.jld2	wgrid_sddm(2.0e8, 0.01)	ac	3	0	211.4620099067688	211.6794638633728	409.37092685699463	33.0	9.91320352890497e-9
wgrid.paper.seed1.reps3.jld2	wgrid_sddm(2.0e8, 0.01)	ac-s2m2	3	0	354.4273171424866	170.77387309074402	538.3613562583923	24.0	8.422562795752209e-9
wgrid.paper.seed1.reps3.jld2	wgrid_sddm(2.0e8, 0.01)	cmg-k	3	0	23.651939153671265	67.69340395927429	89.50815415382385	25.0	8.053545052867503e-9
wgrid.paper.seed1.reps3.jld2	wgrid_sddm(2.0e8, 0.01)	cmg-v	3	0	21.287792921066284	98.99992990493774	120.28772282600403	27.0	8.695455377593777e-9
wgrid.paper.seed1.reps3.jld2	wgrid_sddm(2.0e8, 0.1)	ac	3	0	207.38963794708252	120.3739709854126	331.6031699180603	26.0	8.191440643514261e-9
wgrid.paper.seed1.reps3.jld2	wgrid_sddm(2.0e8, 0.1)	ac-s2m2	3	0	415.9921259880066	204.48718214035034	632.8319890499115	20.0	9.674518358213325e-9
wgrid.paper.seed1.reps3.jld2	wgrid_sddm(2.0e8, 0.1)	cmg-k	3	0	25.430956840515137	81.18835711479187	106.05151391029358	25.0	7.276584159366975e-9
wgrid.paper.seed1.reps3.jld2	wgrid_sddm(2.0e8, 0.1)	cmg-v	3	0	23.261289834976196	96.46114611625671	120.45588493347168	27.0	9.536214401600713e-9
wgrid.paper.seed1.reps3.jld2	wgrid_sddm(2.0e8, 1.0)	ac	3	0	213.44556093215942	138.56865406036377	372.4105191230774	27.0	7.588096702498177e-9
wgrid.paper.seed1.reps3.jld2	wgrid_sddm(2.0e8, 1.0)	ac-s2m2	3	0	368.94890999794006	164.6744601726532	547.2610602378845	20.0	8.704336123474995e-9
wgrid.paper.seed1.reps3.jld2	wgrid_sddm(2.0e8, 1.0)	cmg-k	3	0	24.006613969802856	94.32799482345581	117.85987687110901	30.0	7.084392269456613e-9
wgrid.paper.seed1.reps3.jld2	wgrid_sddm(2.0e8, 1.0)	cmg-v	3	0	23.327270030975342	123.09122395515442	151.5129039287567	28.0	9.658797595564635e-9
wgrid.paper.seed1.reps3.jld2	wgrid_sddm(2.0e8, 10.0)	ac	3	0	196.44537615776062	112.5669858455658	309.0123620033264	20.0	8.446963903897228e-9
wgrid.paper.seed1.reps3.jld2	wgrid_sddm(2.0e8, 10.0)	ac-s2m2	3	0	402.5572431087494	139.0704140663147	541.6276571750641	15.0	4.474843713112456e-9
wgrid.paper.seed1.reps3.jld2	wgrid_sddm(2.0e8, 10.0)	cmg-k	3	0	28.95775604248047	124.35610699653625	153.14297699928284	28.0	9.179973276332035e-9
wgrid.paper.seed1.reps3.jld2	wgrid_sddm(2.0e8, 10.0)	cmg-v	3	0	27.413710832595825	200.11122608184814	223.42581224441528	31.0	8.30280846430414e-9
wgrid.paper.seed1.reps3.jld2	wgrid_sddm(2.0e8, 100.0)	ac	3	0	170.11100101470947	86.1814329624176	256.2924339771271	17.0	8.065005225801639e-9
wgrid.paper.seed1.reps3.jld2	wgrid_sddm(2.0e8, 100.0)	ac-s2m2	3	0	318.960942029953	75.42611694335938	393.9638729095459	12.0	7.621106736050746e-9
wgrid.paper.seed1.reps3.jld2	wgrid_sddm(2.0e8, 100.0)	cmg-k	3	0	26.7875759601593	107.34627795219421	134.13385391235352	27.0	6.705963326847556e-9
wgrid.paper.seed1.reps3.jld2	wgrid_sddm(2.0e8, 100.0)	cmg-v	3	0	26.87098503112793	162.745512008667	189.61649703979492	30.0	7.874498446977794e-9
wgrid.paper.seed1.reps3.jld2	wgrid_sddm(2.0e8, 1000.0)	ac	3	0	161.40802788734436	66.78611707687378	221.69962000846863	14.0	9.0883925226927e-9
wgrid.paper.seed1.reps3.jld2	wgrid_sddm(2.0e8, 1000.0)	ac-s2m2	3	0	266.9009017944336	53.95957016944885	335.24525475502014	10.0	9.244848985998503e-9
wgrid.paper.seed1.reps3.jld2	wgrid_sddm(2.0e8, 1000.0)	cmg-k	3	0	24.490730047225952	101.14159321784973	125.56095123291016	28.0	8.632923985401749e-9
wgrid.paper.seed1.reps3.jld2	wgrid_sddm(2.0e8, 1000.0)	cmg-v	3	0	24.89796805381775	145.4189648628235	170.31693291664124	30.0	9.756924516510725e-9
wgrid.smoke.seed1.reps2.jld2	wgrid_sddm(200000.0, 0.01)	ac	2	0	0.044085025787353516	0.026741504669189453	0.07082653045654297	26.5	7.745362963741245e-9
wgrid.smoke.seed1.reps2.jld2	wgrid_sddm(200000.0, 0.01)	ac-s2m2	2	0	0.08669304847717285	0.02479708194732666	0.11149013042449951	20.0	4.803062358884725e-9
wgrid.smoke.seed1.reps2.jld2	wgrid_sddm(200000.0, 0.01)	cmg-k	2	0	0.014122605323791504	0.031298041343688965	0.04542064666748047	25.0	7.519154002312839e-9
wgrid.smoke.seed1.reps2.jld2	wgrid_sddm(200000.0, 0.01)	cmg-v	2	0	0.012243032455444336	0.04723358154296875	0.059476613998413086	24.0	6.066449857584391e-9
wgrid.smoke.seed1.reps2.jld2	wgrid_sddm(200000.0, 100.0)	ac	2	0	0.032575011253356934	0.0116424560546875	0.044217467308044434	12.5	8.23496854302799e-9
wgrid.smoke.seed1.reps2.jld2	wgrid_sddm(200000.0, 100.0)	ac-s2m2	2	0	0.06131100654602051	0.011157035827636719	0.07246804237365723	10.0	6.907721421845606e-9
wgrid.smoke.seed1.reps2.jld2	wgrid_sddm(200000.0, 100.0)	cmg-k	2	0	0.013721585273742676	0.02543497085571289	0.039156556129455566	20.5	9.713932622954538e-9
wgrid.smoke.seed1.reps2.jld2	wgrid_sddm(200000.0, 100.0)	cmg-v	2	0	0.014839529991149902	0.03673398494720459	0.05157351493835449	24.0	5.242230398879008e-9
wted_bndry_chimera.n1e4.seed1.reps2.jld2	wted_bndry_chimera(10000,1001)	ac	1	0	0.015350818634033203	0.013049840927124023	0.028400659561157227	20.0	3.962126109045614e-9
wted_bndry_chimera.n1e4.seed1.reps2.jld2	wted_bndry_chimera(10000,1001)	ac-s2m2	1	0	0.025734901428222656	0.012340784072875977	0.03807568550109863	16.0	4.044260311422011e-9
wted_bndry_chimera.n1e4.seed1.reps2.jld2	wted_bndry_chimera(10000,1001)	cmg-k	1	0	0.014627933502197266	0.024065017700195312	0.03869295120239258	23.0	4.688849376649783e-9
wted_bndry_chimera.n1e4.seed1.reps2.jld2	wted_bndry_chimera(10000,1001)	cmg-v	1	0	0.01479196548461914	0.022056102752685547	0.03684806823730469	21.0	9.42234555772884e-9
wted_bndry_chimera.n1e4.seed1.reps2.jld2	wted_bndry_chimera(10000,1002)	ac	1	0	0.03877091407775879	0.023942947387695312	0.0627138614654541	18.0	3.993344376754499e-9
wted_bndry_chimera.n1e4.seed1.reps2.jld2	wted_bndry_chimera(10000,1002)	ac-s2m2	1	0	0.07819795608520508	0.021703004837036133	0.09990096092224121	14.0	6.968242463744652e-9
wted_bndry_chimera.n1e4.seed1.reps2.jld2	wted_bndry_chimera(10000,1002)	cmg-k	1	0	0.01679205894470215	0.036145925521850586	0.052937984466552734	21.0	6.418802164086088e-9
wted_bndry_chimera.n1e4.seed1.reps2.jld2	wted_bndry_chimera(10000,1002)	cmg-v	1	0	0.016663074493408203	0.03594088554382324	0.052603960037231445	20.0	8.205717040945258e-9
wted_bndry_chimera.n1e4.seed1.reps3.jld2	wted_bndry_chimera(10000,1001)	ac	1	0	0.007622957229614258	0.004233837127685547	0.011856794357299805	20.0	3.962126109045614e-9
wted_bndry_chimera.n1e4.seed1.reps3.jld2	wted_bndry_chimera(10000,1001)	ac-s2m2	1	0	0.012681007385253906	0.003912925720214844	0.01659393310546875	16.0	4.044260311422011e-9
wted_bndry_chimera.n1e4.seed1.reps3.jld2	wted_bndry_chimera(10000,1001)	cmg-k	1	0	0.0068590641021728516	0.007257938385009766	0.014117002487182617	23.0	4.688849376649783e-9
wted_bndry_chimera.n1e4.seed1.reps3.jld2	wted_bndry_chimera(10000,1001)	cmg-v	1	0	0.006827831268310547	0.00757598876953125	0.014403820037841797	21.0	9.42234555772884e-9
wted_bndry_chimera.n1e4.seed1.reps3.jld2	wted_bndry_chimera(10000,1002)	ac	1	0	0.017313003540039062	0.008426189422607422	0.025739192962646484	18.0	3.993344376754499e-9
wted_bndry_chimera.n1e4.seed1.reps3.jld2	wted_bndry_chimera(10000,1002)	ac-s2m2	1	0	0.03759598731994629	0.007531881332397461	0.04512786865234375	14.0	6.968242463744652e-9
wted_bndry_chimera.n1e4.seed1.reps3.jld2	wted_bndry_chimera(10000,1002)	cmg-k	1	0	0.014410018920898438	0.011503934860229492	0.02591395378112793	21.0	6.418802164086088e-9
wted_bndry_chimera.n1e4.seed1.reps3.jld2	wted_bndry_chimera(10000,1002)	cmg-v	1	0	0.008646011352539062	0.012504100799560547	0.02115011215209961	20.0	8.205717040945258e-9
wted_bndry_chimera.n1e4.seed1.reps3.jld2	wted_bndry_chimera(10000,1003)	ac	1	0	0.0056569576263427734	0.0027289390563964844	0.008385896682739258	13.0	7.840556680718177e-9
wted_bndry_chimera.n1e4.seed1.reps3.jld2	wted_bndry_chimera(10000,1003)	ac-s2m2	1	0	0.0075151920318603516	0.002454996109008789	0.00997018814086914	11.0	6.647601000479785e-9
wted_bndry_chimera.n1e4.seed1.reps3.jld2	wted_bndry_chimera(10000,1003)	cmg-k	1	0	0.00572514533996582	0.011378049850463867	0.017103195190429688	27.0	7.203525616368381e-9
wted_bndry_chimera.n1e4.seed1.reps3.jld2	wted_bndry_chimera(10000,1003)	cmg-v	1	0	0.005264997482299805	0.009878158569335938	0.015143156051635742	24.0	6.2877517500373845e-9
wted_bndry_chimera.n1e5.seed1.reps3.jld2	wted_bndry_chimera(100000,1001)	ac	1	0	0.08540987968444824	0.036607980728149414	0.12201786041259766	14.0	1.1255133970567642e-9
wted_bndry_chimera.n1e5.seed1.reps3.jld2	wted_bndry_chimera(100000,1001)	ac-s2m2	1	0	0.09209704399108887	0.0283200740814209	0.12041711807250977	10.0	8.149239022131493e-9
wted_bndry_chimera.n1e5.seed1.reps3.jld2	wted_bndry_chimera(100000,1001)	cmg-k	1	0	0.06513500213623047	0.1463320255279541	0.21146702766418457	24.0	9.473403485617157e-9
wted_bndry_chimera.n1e5.seed1.reps3.jld2	wted_bndry_chimera(100000,1001)	cmg-v	1	0	0.06033205986022949	0.1624009609222412	0.2227330207824707	24.0	9.27198637304694e-9
wted_bndry_chimera.n1e5.seed1.reps3.jld2	wted_bndry_chimera(100000,1002)	ac	1	0	0.0481410026550293	0.003336191177368164	0.05147719383239746	1.0	1.4671933758811845e-15
wted_bndry_chimera.n1e5.seed1.reps3.jld2	wted_bndry_chimera(100000,1002)	ac-s2m2	1	0	0.06341886520385742	0.0028841495513916016	0.06630301475524902	1.0	1.5209515466256742e-15
wted_bndry_chimera.n1e5.seed1.reps3.jld2	wted_bndry_chimera(100000,1002)	cmg-k	1	0	0.05592489242553711	0.12302303314208984	0.17894792556762695	29.0	6.463394571121957e-9
wted_bndry_chimera.n1e5.seed1.reps3.jld2	wted_bndry_chimera(100000,1002)	cmg-v	1	0	0.05208182334899902	0.14009714126586914	0.19217896461486816	36.0	9.2556321347852e-9
wted_bndry_chimera.n1e5.seed1.reps3.jld2	wted_bndry_chimera(100000,1003)	ac	1	0	0.10367584228515625	0.10963797569274902	0.21331381797790527	31.0	6.176889248638026e-9
wted_bndry_chimera.n1e5.seed1.reps3.jld2	wted_bndry_chimera(100000,1003)	ac-s2m2	1	0	0.15933799743652344	0.09249114990234375	0.2518291473388672	26.0	7.3476180031351614e-9
wted_bndry_chimera.n1e5.seed1.reps3.jld2	wted_bndry_chimera(100000,1003)	cmg-k	1	0	0.06560206413269043	0.1804349422454834	0.24603700637817383	35.0	8.706297016870425e-9
wted_bndry_chimera.n1e5.seed1.reps3.jld2	wted_bndry_chimera(100000,1003)	cmg-v	1	0	0.06379914283752441	0.415388822555542	0.4791879653930664	33.0	8.480712568491902e-9
wted_bndry_chimera.n1e6.seed1.reps3.jld2	wted_bndry_chimera(1000000,1001)	ac	1	0	8.729549169540405	2.021530866622925	10.75108003616333	18.0	5.475966778304113e-9
wted_bndry_chimera.n1e6.seed1.reps3.jld2	wted_bndry_chimera(1000000,1001)	ac-s2m2	1	0	17.59395408630371	2.2031540870666504	19.79710817337036	14.0	3.325049136090817e-9
wted_bndry_chimera.n1e6.seed1.reps3.jld2	wted_bndry_chimera(1000000,1001)	cmg-k	1	0	2.285130023956299	2.8217389583587646	5.1068689823150635	20.0	8.69495229874946e-9
wted_bndry_chimera.n1e6.seed1.reps3.jld2	wted_bndry_chimera(1000000,1001)	cmg-v	1	0	2.2211802005767822	3.2478389739990234	5.469019174575806	30.0	7.56075298326235e-9
wted_bndry_chimera.n1e6.seed1.reps3.jld2	wted_bndry_chimera(1000000,1002)	ac	1	0	0.8320879936218262	0.16225314140319824	0.9943411350250244	7.0	9.497519468818356e-9
wted_bndry_chimera.n1e6.seed1.reps3.jld2	wted_bndry_chimera(1000000,1002)	ac-s2m2	1	0	1.321491003036499	0.1627500057220459	1.484241008758545	7.0	4.238546880978299e-9
wted_bndry_chimera.n1e6.seed1.reps3.jld2	wted_bndry_chimera(1000000,1002)	cmg-k	1	0	0.8772039413452148	1.6514651775360107	2.5286691188812256	25.0	2.0291771482465154e-9
wted_bndry_chimera.n1e6.seed1.reps3.jld2	wted_bndry_chimera(1000000,1002)	cmg-v	1	0	0.7054300308227539	1.9991629123687744	2.7045929431915283	24.0	6.837529049453328e-9
wted_bndry_chimera.n1e6.seed1.reps3.jld2	wted_bndry_chimera(1000000,1003)	ac	1	0	3.8876919746398926	1.0886108875274658	4.976302862167358	19.0	5.3274310994257535e-9
wted_bndry_chimera.n1e6.seed1.reps3.jld2	wted_bndry_chimera(1000000,1003)	ac-s2m2	1	0	6.473072052001953	0.6829419136047363	7.1560139656066895	11.0	7.225086479695086e-9
wted_bndry_chimera.n1e6.seed1.reps3.jld2	wted_bndry_chimera(1000000,1003)	cmg-k	1	0	1.7515439987182617	2.91422700881958	4.665771007537842	27.0	4.679309258661884e-9
wted_bndry_chimera.n1e6.seed1.reps3.jld2	wted_bndry_chimera(1000000,1003)	cmg-v	1	0	1.7324180603027344	3.2979609966278076	5.030379056930542	23.0	9.942818309910324e-9
wted_bndry_chimera.n1e7.seed1.reps3.jld2	wted_bndry_chimera(10000000,1001)	ac	1	0	43.02607583999634	22.560245990753174	65.58632183074951	15.0	3.765404871875217e-9
wted_bndry_chimera.n1e7.seed1.reps3.jld2	wted_bndry_chimera(10000000,1001)	ac-s2m2	1	0	79.33427286148071	20.326975107192993	99.6612479686737	12.0	7.754025135265931e-9
wted_bndry_chimera.n1e7.seed1.reps3.jld2	wted_bndry_chimera(10000000,1001)	cmg-k	1	0	27.885196924209595	35.740103006362915	63.62529993057251	19.0	6.33863134719705e-9
wted_bndry_chimera.n1e7.seed1.reps3.jld2	wted_bndry_chimera(10000000,1001)	cmg-v	1	0	27.657286167144775	40.81888794898987	68.47617411613464	21.0	7.687561855210053e-9
wted_bndry_chimera.n1e7.seed1.reps3.jld2	wted_bndry_chimera(10000000,1002)	ac	1	0	73.44084692001343	48.935425996780396	122.37627291679382	26.0	7.766745087788332e-9
wted_bndry_chimera.n1e7.seed1.reps3.jld2	wted_bndry_chimera(10000000,1002)	ac-s2m2	1	0	140.69539189338684	47.01586103439331	187.71125292778015	20.0	5.494182310817733e-9
wted_bndry_chimera.n1e7.seed1.reps3.jld2	wted_bndry_chimera(10000000,1002)	cmg-k	1	0	29.68096113204956	47.476999044418335	77.1579601764679	23.0	7.0615081559847e-9
wted_bndry_chimera.n1e7.seed1.reps3.jld2	wted_bndry_chimera(10000000,1002)	cmg-v	1	0	29.515378952026367	49.46886396408081	78.98424291610718	26.0	6.593847911874866e-9
wted_bndry_chimera.n1e7.seed1.reps3.jld2	wted_bndry_chimera(10000000,1003)	ac	1	0	34.788424015045166	34.804620027542114	69.59304404258728	31.0	7.68427499069876e-9
wted_bndry_chimera.n1e7.seed1.reps3.jld2	wted_bndry_chimera(10000000,1003)	ac-s2m2	1	0	61.728015184402466	26.165244102478027	87.8932592868805	20.0	8.16938906921717e-9
wted_bndry_chimera.n1e7.seed1.reps3.jld2	wted_bndry_chimera(10000000,1003)	cmg-k	1	0	21.70304799079895	50.91667699813843	72.61972498893738	33.0	7.098937691121168e-9
wted_bndry_chimera.n1e7.seed1.reps3.jld2	wted_bndry_chimera(10000000,1003)	cmg-v	1	0	21.29957103729248	48.49268984794617	69.79226088523865	29.0	8.554671757839095e-9
wted_chimera.n1e4.seed1.reps2.jld2	wted_chimera(10000,1001)	ac	1	0	0.006555080413818359	0.005018949508666992	0.011574029922485352	22.0	5.425105197191348e-9
wted_chimera.n1e4.seed1.reps2.jld2	wted_chimera(10000,1001)	ac-s2m2	1	0	0.014085054397583008	0.0053408145904541016	0.01942586898803711	17.0	5.538028720794357e-9
wted_chimera.n1e4.seed1.reps2.jld2	wted_chimera(10000,1001)	cmg-k	1	0	0.006201028823852539	0.007615804672241211	0.01381683349609375	23.0	8.808057275145928e-9
wted_chimera.n1e4.seed1.reps2.jld2	wted_chimera(10000,1001)	cmg-v	1	0	0.006072044372558594	0.007955074310302734	0.014027118682861328	23.0	7.2117270564232834e-9
wted_chimera.n1e4.seed1.reps2.jld2	wted_chimera(10000,1002)	ac	1	0	0.016759157180786133	0.00986480712890625	0.026623964309692383	20.0	9.325749393095035e-9
wted_chimera.n1e4.seed1.reps2.jld2	wted_chimera(10000,1002)	ac-s2m2	1	0	0.03884100914001465	0.010102987289428711	0.04894399642944336	16.0	3.1418856825092536e-9
wted_chimera.n1e4.seed1.reps2.jld2	wted_chimera(10000,1002)	cmg-k	1	0	0.009033918380737305	0.015006065368652344	0.02403998374938965	23.0	6.8769803895590935e-9
wted_chimera.n1e4.seed1.reps2.jld2	wted_chimera(10000,1002)	cmg-v	1	0	0.009103059768676758	0.014168024063110352	0.02327108383178711	25.0	5.7990563057198126e-9
wted_chimera.n1e4.seed1.reps3.jld2	wted_chimera(10000,1001)	ac	1	0	0.006680965423583984	0.005260944366455078	0.011941909790039062	22.0	5.425105197191348e-9
wted_chimera.n1e4.seed1.reps3.jld2	wted_chimera(10000,1001)	ac-s2m2	1	0	0.014456987380981445	0.005323171615600586	0.01978015899658203	17.0	5.538028720794357e-9
wted_chimera.n1e4.seed1.reps3.jld2	wted_chimera(10000,1001)	cmg-k	1	0	0.005967855453491211	0.007620811462402344	0.013588666915893555	23.0	8.808057275145928e-9
wted_chimera.n1e4.seed1.reps3.jld2	wted_chimera(10000,1001)	cmg-v	1	0	0.0058710575103759766	0.00778508186340332	0.013656139373779297	23.0	7.2117270564232834e-9
wted_chimera.n1e4.seed1.reps3.jld2	wted_chimera(10000,1002)	ac	1	0	0.01971888542175293	0.010922908782958984	0.030641794204711914	20.0	9.325749393095035e-9
wted_chimera.n1e4.seed1.reps3.jld2	wted_chimera(10000,1002)	ac-s2m2	1	0	0.04087710380554199	0.010185956954956055	0.05106306076049805	16.0	3.1418856825092536e-9
wted_chimera.n1e4.seed1.reps3.jld2	wted_chimera(10000,1002)	cmg-k	1	0	0.012525796890258789	0.015262842178344727	0.027788639068603516	23.0	6.8769803895590935e-9
wted_chimera.n1e4.seed1.reps3.jld2	wted_chimera(10000,1002)	cmg-v	1	0	0.009263038635253906	0.014777898788452148	0.024040937423706055	25.0	5.7990563057198126e-9
wted_chimera.n1e4.seed1.reps3.jld2	wted_chimera(10000,1003)	ac	1	0	0.003392934799194336	0.003445863723754883	0.006838798522949219	16.0	9.57684429673133e-9
wted_chimera.n1e4.seed1.reps3.jld2	wted_chimera(10000,1003)	ac-s2m2	1	0	0.00551295280456543	0.0027930736541748047	0.008306026458740234	12.0	5.6170816375825875e-9
wted_chimera.n1e4.seed1.reps3.jld2	wted_chimera(10000,1003)	cmg-k	1	0	0.0054471492767333984	0.012318849563598633	0.01776599884033203	26.0	9.614915631248768e-9
wted_chimera.n1e4.seed1.reps3.jld2	wted_chimera(10000,1003)	cmg-v	1	0	0.004647970199584961	0.011131048202514648	0.01577901840209961	24.0	7.228846463779258e-9
wted_chimera.n1e5.seed1.reps3.jld2	wted_chimera(100000,1001)	ac	1	0	0.06338691711425781	0.04117298126220703	0.10455989837646484	14.0	4.444890156493805e-9
wted_chimera.n1e5.seed1.reps3.jld2	wted_chimera(100000,1001)	ac-s2m2	1	0	0.1123969554901123	0.03435492515563965	0.14675188064575195	11.0	9.817527360745089e-9
wted_chimera.n1e5.seed1.reps3.jld2	wted_chimera(100000,1001)	cmg-k	1	0	0.07630705833435059	0.1822059154510498	0.2585129737854004	26.0	7.935555656537343e-9
wted_chimera.n1e5.seed1.reps3.jld2	wted_chimera(100000,1001)	cmg-v	1	0	0.06907486915588379	0.20186090469360352	0.2709357738494873	26.0	9.967795956767061e-9
wted_chimera.n1e5.seed1.reps3.jld2	wted_chimera(100000,1002)	ac	1	0	0.04493904113769531	0.0032219886779785156	0.04816102981567383	1.0	1.400973119427642e-16
wted_chimera.n1e5.seed1.reps3.jld2	wted_chimera(100000,1002)	ac-s2m2	1	0	0.05046796798706055	0.00269317626953125	0.0531611442565918	1.0	1.4517450214993228e-16
wted_chimera.n1e5.seed1.reps3.jld2	wted_chimera(100000,1002)	cmg-k	1	0	0.05996203422546387	0.13637399673461914	0.196336030960083	28.0	7.694879580805123e-9
wted_chimera.n1e5.seed1.reps3.jld2	wted_chimera(100000,1002)	cmg-v	1	0	0.049591064453125	0.19348788261413574	0.24307894706726074	40.0	9.57504092899232e-9
wted_chimera.n1e5.seed1.reps3.jld2	wted_chimera(100000,1003)	ac	1	0	0.06641793251037598	0.14977288246154785	0.21619081497192383	38.0	6.517501003130477e-9
wted_chimera.n1e5.seed1.reps3.jld2	wted_chimera(100000,1003)	ac-s2m2	1	0	0.1872270107269287	0.12534213066101074	0.31256914138793945	32.0	8.451610555297773e-9
wted_chimera.n1e5.seed1.reps3.jld2	wted_chimera(100000,1003)	cmg-k	1	0	0.05896592140197754	0.1875309944152832	0.24649691581726074	37.0	9.638338526726545e-9
wted_chimera.n1e5.seed1.reps3.jld2	wted_chimera(100000,1003)	cmg-v	1	0	0.05584597587585449	0.42522716522216797	0.48107314109802246	35.0	8.656589717784545e-9
wted_chimera.n1e6.seed1.reps3.jld2	wted_chimera(1000000,1001)	ac	1	0	9.786367177963257	2.2588951587677	12.045262336730957	18.0	4.658338558212e-9
wted_chimera.n1e6.seed1.reps3.jld2	wted_chimera(1000000,1001)	ac-s2m2	1	0	20.211974143981934	2.5475690364837646	22.7595431804657	14.0	6.0192722733836745e-9
wted_chimera.n1e6.seed1.reps3.jld2	wted_chimera(1000000,1001)	cmg-k	1	0	2.0758578777313232	2.8485629558563232	4.9244208335876465	19.0	4.544565092711247e-9
wted_chimera.n1e6.seed1.reps3.jld2	wted_chimera(1000000,1001)	cmg-v	1	0	2.0667569637298584	3.145591974258423	5.212348937988281	28.0	9.143187404615252e-9
wted_chimera.n1e6.seed1.reps3.jld2	wted_chimera(1000000,1002)	ac	1	0	0.5236461162567139	0.13609004020690918	0.659736156463623	6.0	2.430106001017521e-9
wted_chimera.n1e6.seed1.reps3.jld2	wted_chimera(1000000,1002)	ac-s2m2	1	0	0.6708230972290039	0.11441802978515625	0.7852411270141602	5.0	4.491473143097306e-9
wted_chimera.n1e6.seed1.reps3.jld2	wted_chimera(1000000,1002)	cmg-k	1	0	0.624406099319458	1.85117506980896	2.475581169128418	28.0	3.98513855706487e-9
wted_chimera.n1e6.seed1.reps3.jld2	wted_chimera(1000000,1002)	cmg-v	1	0	0.5983397960662842	2.0643649101257324	2.6627047061920166	25.0	7.05493156382447e-9
wted_chimera.n1e6.seed1.reps3.jld2	wted_chimera(1000000,1003)	ac	1	0	2.5703351497650146	1.2217841148376465	3.792119264602661	21.0	4.395885606689733e-9
wted_chimera.n1e6.seed1.reps3.jld2	wted_chimera(1000000,1003)	ac-s2m2	1	0	4.878017902374268	0.9582948684692383	5.836312770843506	15.0	3.628814104839926e-9
wted_chimera.n1e6.seed1.reps3.jld2	wted_chimera(1000000,1003)	cmg-k	1	0	1.34049391746521	2.827625036239624	4.168118953704834	25.0	3.9801361589681874e-9
wted_chimera.n1e6.seed1.reps3.jld2	wted_chimera(1000000,1003)	cmg-v	1	0	1.4816398620605469	3.269397020339966	4.751036882400513	23.0	8.396362849518134e-9
wted_chimera.n1e7.seed1.reps3.jld2	wted_chimera(10000000,1001)	ac	1	0	47.87616801261902	38.829673051834106	86.70584106445312	18.0	9.301361107467738e-9
wted_chimera.n1e7.seed1.reps3.jld2	wted_chimera(10000000,1001)	ac-s2m2	1	0	75.64568591117859	26.372972011566162	102.01865792274475	14.0	7.665430285522694e-9
wted_chimera.n1e7.seed1.reps3.jld2	wted_chimera(10000000,1001)	cmg-k	1	0	30.75955605506897	45.60767912864685	76.36723518371582	20.0	8.357032849361049e-9
wted_chimera.n1e7.seed1.reps3.jld2	wted_chimera(10000000,1001)	cmg-v	1	0	31.421216011047363	58.00764203071594	89.4288580417633	21.0	7.13997466599595e-9
wted_chimera.n1e7.seed1.reps3.jld2	wted_chimera(10000000,1002)	ac	1	0	116.51380920410156	56.280250787734985	172.79405999183655	26.0	8.714701551166499e-9
wted_chimera.n1e7.seed1.reps3.jld2	wted_chimera(10000000,1002)	ac-s2m2	1	0	215.4423909187317	72.34344291687012	287.7858338356018	20.0	6.506444670164503e-9
wted_chimera.n1e7.seed1.reps3.jld2	wted_chimera(10000000,1002)	cmg-k	1	0	31.2410089969635	71.34888815879822	102.58989715576172	23.0	7.4268203874049625e-9
wted_chimera.n1e7.seed1.reps3.jld2	wted_chimera(10000000,1002)	cmg-v	1	0	33.34321403503418	60.550647020339966	93.89386105537415	25.0	7.256971162050089e-9
wted_chimera.n1e7.seed1.reps3.jld2	wted_chimera(10000000,1003)	ac	1	0	54.83260202407837	54.27992105484009	109.11252307891846	39.0	9.26082576399504e-9
wted_chimera.n1e7.seed1.reps3.jld2	wted_chimera(10000000,1003)	ac-s2m2	1	0	83.80477714538574	36.21627688407898	120.02105402946472	25.0	9.427787164864994e-9
wted_chimera.n1e7.seed1.reps3.jld2	wted_chimera(10000000,1003)	cmg-k	1	0	22.667773962020874	71.6486349105835	94.31640887260437	34.0	9.237767952197423e-9
wted_chimera.n1e7.seed1.reps3.jld2	wted_chimera(10000000,1003)	cmg-v	1	0	25.581480026245117	84.85542488098145	110.43690490722656	40.0	8.775856899247988e-9
